,CountryName,RegionName,Date,C1_School closing,C2_Workplace closing,C3_Cancel public events,C4_Restrictions on gatherings,C5_Close public transport,C6_Stay at home requirements,C7_Restrictions on internal movement,C8_International travel controls,H1_Public information campaigns,H2_Testing policy,H3_Contact tracing,H6_Facial Coverings
5,Aruba,,2020-08-01,0,0,0,0,0,0,0,0,2,3,0,0
6,Aruba,,2020-08-02,0,0,0,0,0,0,0,0,2,3,0,0
7,Aruba,,2020-08-03,0,0,0,0,0,0,0,0,2,3,0,0
8,Aruba,,2020-08-04,0,0,0,0,0,0,0,0,2,3,0,0
9,Aruba,,2020-08-05,0,0,0,0,0,0,0,0,2,3,0,0
55,Afghanistan,,2020-08-01,0,0,0,4,0,0,0,0,0,0,0,4
56,Afghanistan,,2020-08-02,0,0,0,4,0,0,0,0,0,0,0,4
57,Afghanistan,,2020-08-03,0,0,0,4,0,0,0,0,0,0,0,4
58,Afghanistan,,2020-08-04,0,0,0,4,0,0,0,0,0,0,0,4
59,Afghanistan,,2020-08-05,0,0,0,4,0,0,0,0,0,0,0,4
105,Angola,,2020-08-01,0,3,0,0,0,0,0,0,2,0,0,0
106,Angola,,2020-08-02,0,3,0,0,0,0,0,0,2,0,0,0
107,Angola,,2020-08-03,0,3,0,0,0,0,0,0,2,0,0,0
108,Angola,,2020-08-04,0,3,0,0,0,0,0,0,2,0,0,0
109,Angola,,2020-08-05,0,3,0,0,0,0,0,0,2,0,0,0
155,Albania,,2020-08-01,0,0,2,0,2,0,0,4,0,0,0,0
156,Albania,,2020-08-02,0,0,2,0,2,0,0,4,0,0,0,0
157,Albania,,2020-08-03,0,0,2,0,2,0,0,4,0,0,0,0
158,Albania,,2020-08-04,0,0,2,0,2,0,0,4,0,0,0,0
159,Albania,,2020-08-05,0,0,2,0,2,0,0,4,0,0,0,0
205,Andorra,,2020-08-01,0,0,0,4,2,0,0,0,0,0,0,0
206,Andorra,,2020-08-02,0,0,0,4,2,0,0,0,0,0,0,0
207,Andorra,,2020-08-03,0,0,0,4,2,0,0,0,0,0,0,0
208,Andorra,,2020-08-04,0,0,0,4,2,0,0,0,0,0,0,0
209,Andorra,,2020-08-05,0,0,0,4,2,0,0,0,0,0,0,0
255,United Arab Emirates,,2020-08-01,0,0,2,4,0,0,0,0,0,0,0,0
256,United Arab Emirates,,2020-08-02,0,0,2,4,0,0,0,0,0,0,0,0
257,United Arab Emirates,,2020-08-03,0,0,2,4,0,0,0,0,0,0,0,0
258,United Arab Emirates,,2020-08-04,0,0,2,4,0,0,0,0,0,0,0,0
259,United Arab Emirates,,2020-08-05,0,0,2,4,0,0,0,0,0,0,0,0
305,Argentina,,2020-08-01,0,0,2,4,0,0,0,0,0,0,0,0
306,Argentina,,2020-08-02,0,0,2,4,0,0,0,0,0,0,0,0
307,Argentina,,2020-08-03,0,0,2,4,0,0,0,0,0,0,0,0
308,Argentina,,2020-08-04,0,0,2,4,0,0,0,0,0,0,0,0
309,Argentina,,2020-08-05,0,0,2,4,0,0,0,0,0,0,0,0
355,Australia,,2020-08-01,0,0,0,0,0,0,0,4,2,0,0,0
356,Australia,,2020-08-02,0,0,0,0,0,0,0,4,2,0,0,0
357,Australia,,2020-08-03,0,0,0,0,0,0,0,4,2,0,0,0
358,Australia,,2020-08-04,0,0,0,0,0,0,0,4,2,0,0,0
359,Australia,,2020-08-05,0,0,0,0,0,0,0,4,2,0,0,0
405,Austria,,2020-08-01,0,3,0,0,0,0,0,4,0,0,0,0
406,Austria,,2020-08-02,0,3,0,0,0,0,0,4,0,0,0,0
407,Austria,,2020-08-03,0,3,0,0,0,0,0,4,0,0,0,0
408,Austria,,2020-08-04,0,3,0,0,0,0,0,4,0,0,0,0
409,Austria,,2020-08-05,0,3,0,0,0,0,0,4,0,0,0,0
455,Azerbaijan,,2020-08-01,0,0,0,4,0,0,0,0,0,0,2,0
456,Azerbaijan,,2020-08-02,0,0,0,4,0,0,0,0,0,0,2,0
457,Azerbaijan,,2020-08-03,0,0,0,4,0,0,0,0,0,0,2,0
458,Azerbaijan,,2020-08-04,0,0,0,4,0,0,0,0,0,0,2,0
459,Azerbaijan,,2020-08-05,0,0,0,4,0,0,0,0,0,0,2,0
505,Burundi,,2020-08-01,0,0,2,0,0,0,2,0,0,0,0,0
506,Burundi,,2020-08-02,0,0,2,0,0,0,2,0,0,0,0,0
507,Burundi,,2020-08-03,0,0,2,0,0,0,2,0,0,0,0,0
508,Burundi,,2020-08-04,0,0,2,0,0,0,2,0,0,0,0,0
509,Burundi,,2020-08-05,0,0,2,0,0,0,2,0,0,0,0,0
555,Belgium,,2020-08-01,0,0,0,0,0,3,0,0,0,3,0,0
556,Belgium,,2020-08-02,0,0,0,0,0,3,0,0,0,3,0,0
557,Belgium,,2020-08-03,0,0,0,0,0,3,0,0,0,3,0,0
558,Belgium,,2020-08-04,0,0,0,0,0,3,0,0,0,3,0,0
559,Belgium,,2020-08-05,0,0,0,0,0,3,0,0,0,3,0,0
605,Benin,,2020-08-01,0,0,0,4,2,0,0,0,0,0,0,0
606,Benin,,2020-08-02,0,0,0,4,2,0,0,0,0,0,0,0
607,Benin,,2020-08-03,0,0,0,4,2,0,0,0,0,0,0,0
608,Benin,,2020-08-04,0,0,0,4,2,0,0,0,0,0,0,0
609,Benin,,2020-08-05,0,0,0,4,2,0,0,0,0,0,0,0
655,Burkina Faso,,2020-08-01,0,0,0,0,0,0,2,0,2,0,0,0
656,Burkina Faso,,2020-08-02,0,0,0,0,0,0,2,0,2,0,0,0
657,Burkina Faso,,2020-08-03,0,0,0,0,0,0,2,0,2,0,0,0
658,Burkina Faso,,2020-08-04,0,0,0,0,0,0,2,0,2,0,0,0
659,Burkina Faso,,2020-08-05,0,0,0,0,0,0,2,0,2,0,0,0
705,Bangladesh,,2020-08-01,0,0,0,0,0,0,2,0,0,0,2,0
706,Bangladesh,,2020-08-02,0,0,0,0,0,0,2,0,0,0,2,0
707,Bangladesh,,2020-08-03,0,0,0,0,0,0,2,0,0,0,2,0
708,Bangladesh,,2020-08-04,0,0,0,0,0,0,2,0,0,0,2,0
709,Bangladesh,,2020-08-05,0,0,0,0,0,0,2,0,0,0,2,0
755,Bulgaria,,2020-08-01,0,0,0,4,0,0,0,4,0,0,0,0
756,Bulgaria,,2020-08-02,0,0,0,4,0,0,0,4,0,0,0,0
757,Bulgaria,,2020-08-03,0,0,0,4,0,0,0,4,0,0,0,0
758,Bulgaria,,2020-08-04,0,0,0,4,0,0,0,4,0,0,0,0
759,Bulgaria,,2020-08-05,0,0,0,4,0,0,0,4,0,0,0,0
805,Bahrain,,2020-08-01,0,0,0,0,0,0,2,4,0,0,0,0
806,Bahrain,,2020-08-02,0,0,0,0,0,0,2,4,0,0,0,0
807,Bahrain,,2020-08-03,0,0,0,0,0,0,2,4,0,0,0,0
808,Bahrain,,2020-08-04,0,0,0,0,0,0,2,4,0,0,0,0
809,Bahrain,,2020-08-05,0,0,0,0,0,0,2,4,0,0,0,0
855,Bahamas,,2020-08-01,0,3,0,0,2,0,0,0,0,0,0,0
856,Bahamas,,2020-08-02,0,3,0,0,2,0,0,0,0,0,0,0
857,Bahamas,,2020-08-03,0,3,0,0,2,0,0,0,0,0,0,0
858,Bahamas,,2020-08-04,0,3,0,0,2,0,0,0,0,0,0,0
859,Bahamas,,2020-08-05,0,3,0,0,2,0,0,0,0,0,0,0
905,Bosnia and Herzegovina,,2020-08-01,0,0,0,0,0,0,0,0,0,3,0,4
906,Bosnia and Herzegovina,,2020-08-02,0,0,0,0,0,0,0,0,0,3,0,4
907,Bosnia and Herzegovina,,2020-08-03,0,0,0,0,0,0,0,0,0,3,0,4
908,Bosnia and Herzegovina,,2020-08-04,0,0,0,0,0,0,0,0,0,3,0,4
909,Bosnia and Herzegovina,,2020-08-05,0,0,0,0,0,0,0,0,0,3,0,4
955,Belarus,,2020-08-01,3,0,0,0,0,3,0,0,0,0,0,0
956,Belarus,,2020-08-02,3,0,0,0,0,3,0,0,0,0,0,0
957,Belarus,,2020-08-03,3,0,0,0,0,3,0,0,0,0,0,0
958,Belarus,,2020-08-04,3,0,0,0,0,3,0,0,0,0,0,0
959,Belarus,,2020-08-05,3,0,0,0,0,3,0,0,0,0,0,0
1005,Belize,,2020-08-01,0,0,0,0,0,0,0,0,2,0,2,0
1006,Belize,,2020-08-02,0,0,0,0,0,0,0,0,2,0,2,0
1007,Belize,,2020-08-03,0,0,0,0,0,0,0,0,2,0,2,0
1008,Belize,,2020-08-04,0,0,0,0,0,0,0,0,2,0,2,0
1009,Belize,,2020-08-05,0,0,0,0,0,0,0,0,2,0,2,0
1055,Bermuda,,2020-08-01,0,0,0,0,0,0,0,0,2,0,2,0
1056,Bermuda,,2020-08-02,0,0,0,0,0,0,0,0,2,0,2,0
1057,Bermuda,,2020-08-03,0,0,0,0,0,0,0,0,2,0,2,0
1058,Bermuda,,2020-08-04,0,0,0,0,0,0,0,0,2,0,2,0
1059,Bermuda,,2020-08-05,0,0,0,0,0,0,0,0,2,0,2,0
1105,Bolivia,,2020-08-01,0,0,0,0,0,0,0,4,2,0,0,0
1106,Bolivia,,2020-08-02,0,0,0,0,0,0,0,4,2,0,0,0
1107,Bolivia,,2020-08-03,0,0,0,0,0,0,0,4,2,0,0,0
1108,Bolivia,,2020-08-04,0,0,0,0,0,0,0,4,2,0,0,0
1109,Bolivia,,2020-08-05,0,0,0,0,0,0,0,4,2,0,0,0
1155,Brazil,,2020-08-01,0,0,0,0,0,0,0,0,0,3,2,0
1156,Brazil,,2020-08-02,0,0,0,0,0,0,0,0,0,3,2,0
1157,Brazil,,2020-08-03,0,0,0,0,0,0,0,0,0,3,2,0
1158,Brazil,,2020-08-04,0,0,0,0,0,0,0,0,0,3,2,0
1159,Brazil,,2020-08-05,0,0,0,0,0,0,0,0,0,3,2,0
1205,Barbados,,2020-08-01,0,0,0,4,2,0,0,0,0,0,0,0
1206,Barbados,,2020-08-02,0,0,0,4,2,0,0,0,0,0,0,0
1207,Barbados,,2020-08-03,0,0,0,4,2,0,0,0,0,0,0,0
1208,Barbados,,2020-08-04,0,0,0,4,2,0,0,0,0,0,0,0
1209,Barbados,,2020-08-05,0,0,0,4,2,0,0,0,0,0,0,0
1255,Brunei,,2020-08-01,0,0,0,0,2,0,0,0,0,3,0,0
1256,Brunei,,2020-08-02,0,0,0,0,2,0,0,0,0,3,0,0
1257,Brunei,,2020-08-03,0,0,0,0,2,0,0,0,0,3,0,0
1258,Brunei,,2020-08-04,0,0,0,0,2,0,0,0,0,3,0,0
1259,Brunei,,2020-08-05,0,0,0,0,2,0,0,0,0,3,0,0
1305,Bhutan,,2020-08-01,0,0,0,0,0,0,2,0,0,0,0,4
1306,Bhutan,,2020-08-02,0,0,0,0,0,0,2,0,0,0,0,4
1307,Bhutan,,2020-08-03,0,0,0,0,0,0,2,0,0,0,0,4
1308,Bhutan,,2020-08-04,0,0,0,0,0,0,2,0,0,0,0,4
1309,Bhutan,,2020-08-05,0,0,0,0,0,0,2,0,0,0,0,4
1355,Botswana,,2020-08-01,3,0,2,0,0,0,0,0,0,0,0,0
1356,Botswana,,2020-08-02,3,0,2,0,0,0,0,0,0,0,0,0
1357,Botswana,,2020-08-03,3,0,2,0,0,0,0,0,0,0,0,0
1358,Botswana,,2020-08-04,3,0,2,0,0,0,0,0,0,0,0,0
1359,Botswana,,2020-08-05,3,0,2,0,0,0,0,0,0,0,0,0
1405,Central African Republic,,2020-08-01,0,3,0,0,0,3,0,0,0,0,0,0
1406,Central African Republic,,2020-08-02,0,3,0,0,0,3,0,0,0,0,0,0
1407,Central African Republic,,2020-08-03,0,3,0,0,0,3,0,0,0,0,0,0
1408,Central African Republic,,2020-08-04,0,3,0,0,0,3,0,0,0,0,0,0
1409,Central African Republic,,2020-08-05,0,3,0,0,0,3,0,0,0,0,0,0
1455,Canada,,2020-08-01,0,3,0,0,0,0,0,0,0,3,0,0
1456,Canada,,2020-08-02,0,3,0,0,0,0,0,0,0,3,0,0
1457,Canada,,2020-08-03,0,3,0,0,0,0,0,0,0,3,0,0
1458,Canada,,2020-08-04,0,3,0,0,0,0,0,0,0,3,0,0
1459,Canada,,2020-08-05,0,3,0,0,0,0,0,0,0,3,0,0
1505,Switzerland,,2020-08-01,3,0,0,0,0,0,0,0,0,0,0,4
1506,Switzerland,,2020-08-02,3,0,0,0,0,0,0,0,0,0,0,4
1507,Switzerland,,2020-08-03,3,0,0,0,0,0,0,0,0,0,0,4
1508,Switzerland,,2020-08-04,3,0,0,0,0,0,0,0,0,0,0,4
1509,Switzerland,,2020-08-05,3,0,0,0,0,0,0,0,0,0,0,4
1555,Chile,,2020-08-01,0,0,0,4,0,0,2,0,0,0,0,0
1556,Chile,,2020-08-02,0,0,0,4,0,0,2,0,0,0,0,0
1557,Chile,,2020-08-03,0,0,0,4,0,0,2,0,0,0,0,0
1558,Chile,,2020-08-04,0,0,0,4,0,0,2,0,0,0,0,0
1559,Chile,,2020-08-05,0,0,0,4,0,0,2,0,0,0,0,0
1605,China,,2020-08-01,0,3,0,4,0,0,0,0,0,0,0,0
1606,China,,2020-08-02,0,3,0,4,0,0,0,0,0,0,0,0
1607,China,,2020-08-03,0,3,0,4,0,0,0,0,0,0,0,0
1608,China,,2020-08-04,0,3,0,4,0,0,0,0,0,0,0,0
1609,China,,2020-08-05,0,3,0,4,0,0,0,0,0,0,0,0
1655,Cote d'Ivoire,,2020-08-01,0,3,0,0,0,0,0,0,0,0,0,4
1656,Cote d'Ivoire,,2020-08-02,0,3,0,0,0,0,0,0,0,0,0,4
1657,Cote d'Ivoire,,2020-08-03,0,3,0,0,0,0,0,0,0,0,0,4
1658,Cote d'Ivoire,,2020-08-04,0,3,0,0,0,0,0,0,0,0,0,4
1659,Cote d'Ivoire,,2020-08-05,0,3,0,0,0,0,0,0,0,0,0,4
1705,Cameroon,,2020-08-01,0,0,0,0,0,0,0,0,2,0,2,0
1706,Cameroon,,2020-08-02,0,0,0,0,0,0,0,0,2,0,2,0
1707,Cameroon,,2020-08-03,0,0,0,0,0,0,0,0,2,0,2,0
1708,Cameroon,,2020-08-04,0,0,0,0,0,0,0,0,2,0,2,0
1709,Cameroon,,2020-08-05,0,0,0,0,0,0,0,0,2,0,2,0
1755,Democratic Republic of Congo,,2020-08-01,0,3,0,4,0,0,2,0,0,0,0,0
1756,Democratic Republic of Congo,,2020-08-02,0,3,0,4,0,0,2,0,0,0,0,0
1757,Democratic Republic of Congo,,2020-08-03,0,3,0,4,0,0,2,0,0,0,0,0
1758,Democratic Republic of Congo,,2020-08-04,0,3,0,4,0,0,2,0,0,0,0,0
1759,Democratic Republic of Congo,,2020-08-05,0,3,0,4,0,0,2,0,0,0,0,0
1805,Congo,,2020-08-01,0,0,0,0,0,0,0,0,0,3,0,4
1806,Congo,,2020-08-02,0,0,0,0,0,0,0,0,0,3,0,4
1807,Congo,,2020-08-03,0,0,0,0,0,0,0,0,0,3,0,4
1808,Congo,,2020-08-04,0,0,0,0,0,0,0,0,0,3,0,4
1809,Congo,,2020-08-05,0,0,0,0,0,0,0,0,0,3,0,4
1855,Colombia,,2020-08-01,0,0,0,4,0,3,0,0,0,0,0,0
1856,Colombia,,2020-08-02,0,0,0,4,0,3,0,0,0,0,0,0
1857,Colombia,,2020-08-03,0,0,0,4,0,3,0,0,0,0,0,0
1858,Colombia,,2020-08-04,0,0,0,4,0,3,0,0,0,0,0,0
1859,Colombia,,2020-08-05,0,0,0,4,0,3,0,0,0,0,0,0
1905,Comoros,,2020-08-01,0,0,2,0,0,0,0,4,0,0,0,0
1906,Comoros,,2020-08-02,0,0,2,0,0,0,0,4,0,0,0,0
1907,Comoros,,2020-08-03,0,0,2,0,0,0,0,4,0,0,0,0
1908,Comoros,,2020-08-04,0,0,2,0,0,0,0,4,0,0,0,0
1909,Comoros,,2020-08-05,0,0,2,0,0,0,0,4,0,0,0,0
1955,Cape Verde,,2020-08-01,0,0,0,0,0,0,0,4,0,0,0,4
1956,Cape Verde,,2020-08-02,0,0,0,0,0,0,0,4,0,0,0,4
1957,Cape Verde,,2020-08-03,0,0,0,0,0,0,0,4,0,0,0,4
1958,Cape Verde,,2020-08-04,0,0,0,0,0,0,0,4,0,0,0,4
1959,Cape Verde,,2020-08-05,0,0,0,0,0,0,0,4,0,0,0,4
2005,Costa Rica,,2020-08-01,0,0,0,4,0,0,0,0,0,0,0,4
2006,Costa Rica,,2020-08-02,0,0,0,4,0,0,0,0,0,0,0,4
2007,Costa Rica,,2020-08-03,0,0,0,4,0,0,0,0,0,0,0,4
2008,Costa Rica,,2020-08-04,0,0,0,4,0,0,0,0,0,0,0,4
2009,Costa Rica,,2020-08-05,0,0,0,4,0,0,0,0,0,0,0,4
2055,Cuba,,2020-08-01,3,0,0,0,0,0,0,0,0,0,2,0
2056,Cuba,,2020-08-02,3,0,0,0,0,0,0,0,0,0,2,0
2057,Cuba,,2020-08-03,3,0,0,0,0,0,0,0,0,0,2,0
2058,Cuba,,2020-08-04,3,0,0,0,0,0,0,0,0,0,2,0
2059,Cuba,,2020-08-05,3,0,0,0,0,0,0,0,0,0,2,0
2105,Cyprus,,2020-08-01,0,0,0,0,0,0,0,0,0,3,0,4
2106,Cyprus,,2020-08-02,0,0,0,0,0,0,0,0,0,3,0,4
2107,Cyprus,,2020-08-03,0,0,0,0,0,0,0,0,0,3,0,4
2108,Cyprus,,2020-08-04,0,0,0,0,0,0,0,0,0,3,0,4
2109,Cyprus,,2020-08-05,0,0,0,0,0,0,0,0,0,3,0,4
2155,Czech Republic,,2020-08-01,0,0,0,0,0,0,2,0,0,3,0,0
2156,Czech Republic,,2020-08-02,0,0,0,0,0,0,2,0,0,3,0,0
2157,Czech Republic,,2020-08-03,0,0,0,0,0,0,2,0,0,3,0,0
2158,Czech Republic,,2020-08-04,0,0,0,0,0,0,2,0,0,3,0,0
2159,Czech Republic,,2020-08-05,0,0,0,0,0,0,2,0,0,3,0,0
2205,Germany,,2020-08-01,3,0,0,0,0,0,0,0,0,0,0,4
2206,Germany,,2020-08-02,3,0,0,0,0,0,0,0,0,0,0,4
2207,Germany,,2020-08-03,3,0,0,0,0,0,0,0,0,0,0,4
2208,Germany,,2020-08-04,3,0,0,0,0,0,0,0,0,0,0,4
2209,Germany,,2020-08-05,3,0,0,0,0,0,0,0,0,0,0,4
2255,Djibouti,,2020-08-01,0,3,0,0,0,0,2,0,0,0,0,0
2256,Djibouti,,2020-08-02,0,3,0,0,0,0,2,0,0,0,0,0
2257,Djibouti,,2020-08-03,0,3,0,0,0,0,2,0,0,0,0,0
2258,Djibouti,,2020-08-04,0,3,0,0,0,0,2,0,0,0,0,0
2259,Djibouti,,2020-08-05,0,3,0,0,0,0,2,0,0,0,0,0
2305,Dominica,,2020-08-01,0,0,2,0,0,3,0,0,0,0,0,0
2306,Dominica,,2020-08-02,0,0,2,0,0,3,0,0,0,0,0,0
2307,Dominica,,2020-08-03,0,0,2,0,0,3,0,0,0,0,0,0
2308,Dominica,,2020-08-04,0,0,2,0,0,3,0,0,0,0,0,0
2309,Dominica,,2020-08-05,0,0,2,0,0,3,0,0,0,0,0,0
2355,Denmark,,2020-08-01,3,0,0,0,2,0,0,0,0,0,0,0
2356,Denmark,,2020-08-02,3,0,0,0,2,0,0,0,0,0,0,0
2357,Denmark,,2020-08-03,3,0,0,0,2,0,0,0,0,0,0,0
2358,Denmark,,2020-08-04,3,0,0,0,2,0,0,0,0,0,0,0
2359,Denmark,,2020-08-05,3,0,0,0,2,0,0,0,0,0,0,0
2405,Dominican Republic,,2020-08-01,0,0,0,4,0,0,2,0,0,0,0,0
2406,Dominican Republic,,2020-08-02,0,0,0,4,0,0,2,0,0,0,0,0
2407,Dominican Republic,,2020-08-03,0,0,0,4,0,0,2,0,0,0,0,0
2408,Dominican Republic,,2020-08-04,0,0,0,4,0,0,2,0,0,0,0,0
2409,Dominican Republic,,2020-08-05,0,0,0,4,0,0,2,0,0,0,0,0
2455,Algeria,,2020-08-01,3,3,0,0,0,0,0,0,0,0,0,0
2456,Algeria,,2020-08-02,3,3,0,0,0,0,0,0,0,0,0,0
2457,Algeria,,2020-08-03,3,3,0,0,0,0,0,0,0,0,0,0
2458,Algeria,,2020-08-04,3,3,0,0,0,0,0,0,0,0,0,0
2459,Algeria,,2020-08-05,3,3,0,0,0,0,0,0,0,0,0,0
2505,Ecuador,,2020-08-01,0,0,0,0,0,3,0,0,0,3,0,0
2506,Ecuador,,2020-08-02,0,0,0,0,0,3,0,0,0,3,0,0
2507,Ecuador,,2020-08-03,0,0,0,0,0,3,0,0,0,3,0,0
2508,Ecuador,,2020-08-04,0,0,0,0,0,3,0,0,0,3,0,0
2509,Ecuador,,2020-08-05,0,0,0,0,0,3,0,0,0,3,0,0
2555,Egypt,,2020-08-01,3,0,0,0,2,0,0,0,0,0,0,0
2556,Egypt,,2020-08-02,3,0,0,0,2,0,0,0,0,0,0,0
2557,Egypt,,2020-08-03,3,0,0,0,2,0,0,0,0,0,0,0
2558,Egypt,,2020-08-04,3,0,0,0,2,0,0,0,0,0,0,0
2559,Egypt,,2020-08-05,3,0,0,0,2,0,0,0,0,0,0,0
2605,Eritrea,,2020-08-01,0,0,0,0,0,0,2,0,0,0,2,0
2606,Eritrea,,2020-08-02,0,0,0,0,0,0,2,0,0,0,2,0
2607,Eritrea,,2020-08-03,0,0,0,0,0,0,2,0,0,0,2,0
2608,Eritrea,,2020-08-04,0,0,0,0,0,0,2,0,0,0,2,0
2609,Eritrea,,2020-08-05,0,0,0,0,0,0,2,0,0,0,2,0
2655,Spain,,2020-08-01,3,0,0,0,0,0,0,0,2,0,0,0
2656,Spain,,2020-08-02,3,0,0,0,0,0,0,0,2,0,0,0
2657,Spain,,2020-08-03,3,0,0,0,0,0,0,0,2,0,0,0
2658,Spain,,2020-08-04,3,0,0,0,0,0,0,0,2,0,0,0
2659,Spain,,2020-08-05,3,0,0,0,0,0,0,0,2,0,0,0
2705,Estonia,,2020-08-01,3,0,0,0,0,0,0,4,0,0,0,0
2706,Estonia,,2020-08-02,3,0,0,0,0,0,0,4,0,0,0,0
2707,Estonia,,2020-08-03,3,0,0,0,0,0,0,4,0,0,0,0
2708,Estonia,,2020-08-04,3,0,0,0,0,0,0,4,0,0,0,0
2709,Estonia,,2020-08-05,3,0,0,0,0,0,0,4,0,0,0,0
2755,Ethiopia,,2020-08-01,0,0,0,0,0,0,0,0,2,0,2,0
2756,Ethiopia,,2020-08-02,0,0,0,0,0,0,0,0,2,0,2,0
2757,Ethiopia,,2020-08-03,0,0,0,0,0,0,0,0,2,0,2,0
2758,Ethiopia,,2020-08-04,0,0,0,0,0,0,0,0,2,0,2,0
2759,Ethiopia,,2020-08-05,0,0,0,0,0,0,0,0,2,0,2,0
2805,Finland,,2020-08-01,0,0,0,0,2,0,0,0,0,0,0,4
2806,Finland,,2020-08-02,0,0,0,0,2,0,0,0,0,0,0,4
2807,Finland,,2020-08-03,0,0,0,0,2,0,0,0,0,0,0,4
2808,Finland,,2020-08-04,0,0,0,0,2,0,0,0,0,0,0,4
2809,Finland,,2020-08-05,0,0,0,0,2,0,0,0,0,0,0,4
2855,Fiji,,2020-08-01,0,3,0,0,0,0,0,0,0,0,0,4
2856,Fiji,,2020-08-02,0,3,0,0,0,0,0,0,0,0,0,4
2857,Fiji,,2020-08-03,0,3,0,0,0,0,0,0,0,0,0,4
2858,Fiji,,2020-08-04,0,3,0,0,0,0,0,0,0,0,0,4
2859,Fiji,,2020-08-05,0,3,0,0,0,0,0,0,0,0,0,4
2905,France,,2020-08-01,3,0,0,4,0,0,0,0,0,0,0,0
2906,France,,2020-08-02,3,0,0,4,0,0,0,0,0,0,0,0
2907,France,,2020-08-03,3,0,0,4,0,0,0,0,0,0,0,0
2908,France,,2020-08-04,3,0,0,4,0,0,0,0,0,0,0,0
2909,France,,2020-08-05,3,0,0,4,0,0,0,0,0,0,0,0
2955,Faeroe Islands,,2020-08-01,0,0,0,0,0,3,0,0,0,0,2,0
2956,Faeroe Islands,,2020-08-02,0,0,0,0,0,3,0,0,0,0,2,0
2957,Faeroe Islands,,2020-08-03,0,0,0,0,0,3,0,0,0,0,2,0
2958,Faeroe Islands,,2020-08-04,0,0,0,0,0,3,0,0,0,0,2,0
2959,Faeroe Islands,,2020-08-05,0,0,0,0,0,3,0,0,0,0,2,0
3005,Gabon,,2020-08-01,3,0,0,0,0,0,0,0,0,0,2,0
3006,Gabon,,2020-08-02,3,0,0,0,0,0,0,0,0,0,2,0
3007,Gabon,,2020-08-03,3,0,0,0,0,0,0,0,0,0,2,0
3008,Gabon,,2020-08-04,3,0,0,0,0,0,0,0,0,0,2,0
3009,Gabon,,2020-08-05,3,0,0,0,0,0,0,0,0,0,2,0
3055,United Kingdom,,2020-08-01,0,0,0,4,2,0,0,0,0,0,0,0
3056,United Kingdom,,2020-08-02,0,0,0,4,2,0,0,0,0,0,0,0
3057,United Kingdom,,2020-08-03,0,0,0,4,2,0,0,0,0,0,0,0
3058,United Kingdom,,2020-08-04,0,0,0,4,2,0,0,0,0,0,0,0
3059,United Kingdom,,2020-08-05,0,0,0,4,2,0,0,0,0,0,0,0
3105,United Kingdom,England,2020-08-01,0,0,0,0,0,0,2,0,0,0,0,4
3106,United Kingdom,England,2020-08-02,0,0,0,0,0,0,2,0,0,0,0,4
3107,United Kingdom,England,2020-08-03,0,0,0,0,0,0,2,0,0,0,0,4
3108,United Kingdom,England,2020-08-04,0,0,0,0,0,0,2,0,0,0,0,4
3109,United Kingdom,England,2020-08-05,0,0,0,0,0,0,2,0,0,0,0,4
3155,United Kingdom,Northern Ireland,2020-08-01,0,0,2,0,2,0,0,0,0,0,0,0
3156,United Kingdom,Northern Ireland,2020-08-02,0,0,2,0,2,0,0,0,0,0,0,0
3157,United Kingdom,Northern Ireland,2020-08-03,0,0,2,0,2,0,0,0,0,0,0,0
3158,United Kingdom,Northern Ireland,2020-08-04,0,0,2,0,2,0,0,0,0,0,0,0
3159,United Kingdom,Northern Ireland,2020-08-05,0,0,2,0,2,0,0,0,0,0,0,0
3205,United Kingdom,Scotland,2020-08-01,0,0,0,0,0,0,0,4,0,0,0,4
3206,United Kingdom,Scotland,2020-08-02,0,0,0,0,0,0,0,4,0,0,0,4
3207,United Kingdom,Scotland,2020-08-03,0,0,0,0,0,0,0,4,0,0,0,4
3208,United Kingdom,Scotland,2020-08-04,0,0,0,0,0,0,0,4,0,0,0,4
3209,United Kingdom,Scotland,2020-08-05,0,0,0,0,0,0,0,4,0,0,0,4
3255,United Kingdom,Wales,2020-08-01,3,3,0,0,0,3,0,0,0,0,0,0
3256,United Kingdom,Wales,2020-08-02,3,3,0,0,0,3,0,0,0,0,0,0
3257,United Kingdom,Wales,2020-08-03,3,3,0,0,0,3,0,0,0,0,0,0
3258,United Kingdom,Wales,2020-08-04,3,3,0,0,0,3,0,0,0,0,0,0
3259,United Kingdom,Wales,2020-08-05,3,3,0,0,0,3,0,0,0,0,0,0
3305,Georgia,,2020-08-01,0,3,0,4,0,0,0,0,2,0,0,0
3306,Georgia,,2020-08-02,0,3,0,4,0,0,0,0,2,0,0,0
3307,Georgia,,2020-08-03,0,3,0,4,0,0,0,0,2,0,0,0
3308,Georgia,,2020-08-04,0,3,0,4,0,0,0,0,2,0,0,0
3309,Georgia,,2020-08-05,0,3,0,4,0,0,0,0,2,0,0,0
3355,Ghana,,2020-08-01,0,0,0,4,2,0,0,0,0,0,0,0
3356,Ghana,,2020-08-02,0,0,0,4,2,0,0,0,0,0,0,0
3357,Ghana,,2020-08-03,0,0,0,4,2,0,0,0,0,0,0,0
3358,Ghana,,2020-08-04,0,0,0,4,2,0,0,0,0,0,0,0
3359,Ghana,,2020-08-05,0,0,0,4,2,0,0,0,0,0,0,0
3405,Guinea,,2020-08-01,3,0,0,0,0,0,0,0,2,0,0,0
3406,Guinea,,2020-08-02,3,0,0,0,0,0,0,0,2,0,0,0
3407,Guinea,,2020-08-03,3,0,0,0,0,0,0,0,2,0,0,0
3408,Guinea,,2020-08-04,3,0,0,0,0,0,0,0,2,0,0,0
3409,Guinea,,2020-08-05,3,0,0,0,0,0,0,0,2,0,0,0
3455,Gambia,,2020-08-01,0,0,0,0,2,0,0,0,0,0,0,4
3456,Gambia,,2020-08-02,0,0,0,0,2,0,0,0,0,0,0,4
3457,Gambia,,2020-08-03,0,0,0,0,2,0,0,0,0,0,0,4
3458,Gambia,,2020-08-04,0,0,0,0,2,0,0,0,0,0,0,4
3459,Gambia,,2020-08-05,0,0,0,0,2,0,0,0,0,0,0,4
3505,Greece,,2020-08-01,0,3,0,0,0,0,0,4,0,0,0,0
3506,Greece,,2020-08-02,0,3,0,0,0,0,0,4,0,0,0,0
3507,Greece,,2020-08-03,0,3,0,0,0,0,0,4,0,0,0,0
3508,Greece,,2020-08-04,0,3,0,0,0,0,0,4,0,0,0,0
3509,Greece,,2020-08-05,0,3,0,0,0,0,0,4,0,0,0,0
3555,Greenland,,2020-08-01,0,3,0,0,0,0,0,4,0,0,0,0
3556,Greenland,,2020-08-02,0,3,0,0,0,0,0,4,0,0,0,0
3557,Greenland,,2020-08-03,0,3,0,0,0,0,0,4,0,0,0,0
3558,Greenland,,2020-08-04,0,3,0,0,0,0,0,4,0,0,0,0
3559,Greenland,,2020-08-05,0,3,0,0,0,0,0,4,0,0,0,0
3605,Guatemala,,2020-08-01,0,0,0,0,2,0,0,4,0,0,0,0
3606,Guatemala,,2020-08-02,0,0,0,0,2,0,0,4,0,0,0,0
3607,Guatemala,,2020-08-03,0,0,0,0,2,0,0,4,0,0,0,0
3608,Guatemala,,2020-08-04,0,0,0,0,2,0,0,4,0,0,0,0
3609,Guatemala,,2020-08-05,0,0,0,0,2,0,0,4,0,0,0,0
3655,Guam,,2020-08-01,0,0,0,0,0,0,0,0,0,3,2,0
3656,Guam,,2020-08-02,0,0,0,0,0,0,0,0,0,3,2,0
3657,Guam,,2020-08-03,0,0,0,0,0,0,0,0,0,3,2,0
3658,Guam,,2020-08-04,0,0,0,0,0,0,0,0,0,3,2,0
3659,Guam,,2020-08-05,0,0,0,0,0,0,0,0,0,3,2,0
3705,Guyana,,2020-08-01,0,0,2,0,0,0,0,0,0,3,0,0
3706,Guyana,,2020-08-02,0,0,2,0,0,0,0,0,0,3,0,0
3707,Guyana,,2020-08-03,0,0,2,0,0,0,0,0,0,3,0,0
3708,Guyana,,2020-08-04,0,0,2,0,0,0,0,0,0,3,0,0
3709,Guyana,,2020-08-05,0,0,2,0,0,0,0,0,0,3,0,0
3755,Hong Kong,,2020-08-01,0,0,0,0,0,3,2,0,0,0,0,0
3756,Hong Kong,,2020-08-02,0,0,0,0,0,3,2,0,0,0,0,0
3757,Hong Kong,,2020-08-03,0,0,0,0,0,3,2,0,0,0,0,0
3758,Hong Kong,,2020-08-04,0,0,0,0,0,3,2,0,0,0,0,0
3759,Hong Kong,,2020-08-05,0,0,0,0,0,3,2,0,0,0,0,0
3805,Honduras,,2020-08-01,0,0,0,0,0,0,2,0,0,0,0,4
3806,Honduras,,2020-08-02,0,0,0,0,0,0,2,0,0,0,0,4
3807,Honduras,,2020-08-03,0,0,0,0,0,0,2,0,0,0,0,4
3808,Honduras,,2020-08-04,0,0,0,0,0,0,2,0,0,0,0,4
3809,Honduras,,2020-08-05,0,0,0,0,0,0,2,0,0,0,0,4
3855,Croatia,,2020-08-01,0,0,0,0,0,0,0,4,0,0,0,4
3856,Croatia,,2020-08-02,0,0,0,0,0,0,0,4,0,0,0,4
3857,Croatia,,2020-08-03,0,0,0,0,0,0,0,4,0,0,0,4
3858,Croatia,,2020-08-04,0,0,0,0,0,0,0,4,0,0,0,4
3859,Croatia,,2020-08-05,0,0,0,0,0,0,0,4,0,0,0,4
3905,Haiti,,2020-08-01,0,0,2,0,0,0,0,0,0,0,2,0
3906,Haiti,,2020-08-02,0,0,2,0,0,0,0,0,0,0,2,0
3907,Haiti,,2020-08-03,0,0,2,0,0,0,0,0,0,0,2,0
3908,Haiti,,2020-08-04,0,0,2,0,0,0,0,0,0,0,2,0
3909,Haiti,,2020-08-05,0,0,2,0,0,0,0,0,0,0,2,0
3955,Hungary,,2020-08-01,0,3,0,0,0,0,0,0,0,3,0,0
3956,Hungary,,2020-08-02,0,3,0,0,0,0,0,0,0,3,0,0
3957,Hungary,,2020-08-03,0,3,0,0,0,0,0,0,0,3,0,0
3958,Hungary,,2020-08-04,0,3,0,0,0,0,0,0,0,3,0,0
3959,Hungary,,2020-08-05,0,3,0,0,0,0,0,0,0,3,0,0
4005,Indonesia,,2020-08-01,3,0,0,0,0,3,0,0,0,0,0,0
4006,Indonesia,,2020-08-02,3,0,0,0,0,3,0,0,0,0,0,0
4007,Indonesia,,2020-08-03,3,0,0,0,0,3,0,0,0,0,0,0
4008,Indonesia,,2020-08-04,3,0,0,0,0,3,0,0,0,0,0,0
4009,Indonesia,,2020-08-05,3,0,0,0,0,3,0,0,0,0,0,0
4055,India,,2020-08-01,3,0,0,0,0,0,0,0,0,0,2,0
4056,India,,2020-08-02,3,0,0,0,0,0,0,0,0,0,2,0
4057,India,,2020-08-03,3,0,0,0,0,0,0,0,0,0,2,0
4058,India,,2020-08-04,3,0,0,0,0,0,0,0,0,0,2,0
4059,India,,2020-08-05,3,0,0,0,0,0,0,0,0,0,2,0
4105,Ireland,,2020-08-01,3,0,0,0,0,0,2,0,0,0,0,0
4106,Ireland,,2020-08-02,3,0,0,0,0,0,2,0,0,0,0,0
4107,Ireland,,2020-08-03,3,0,0,0,0,0,2,0,0,0,0,0
4108,Ireland,,2020-08-04,3,0,0,0,0,0,2,0,0,0,0,0
4109,Ireland,,2020-08-05,3,0,0,0,0,0,2,0,0,0,0,0
4155,Iran,,2020-08-01,0,0,0,4,0,0,0,0,0,0,2,0
4156,Iran,,2020-08-02,0,0,0,4,0,0,0,0,0,0,2,0
4157,Iran,,2020-08-03,0,0,0,4,0,0,0,0,0,0,2,0
4158,Iran,,2020-08-04,0,0,0,4,0,0,0,0,0,0,2,0
4159,Iran,,2020-08-05,0,0,0,4,0,0,0,0,0,0,2,0
4205,Iraq,,2020-08-01,0,0,0,0,0,0,0,4,0,0,0,4
4206,Iraq,,2020-08-02,0,0,0,0,0,0,0,4,0,0,0,4
4207,Iraq,,2020-08-03,0,0,0,0,0,0,0,4,0,0,0,4
4208,Iraq,,2020-08-04,0,0,0,0,0,0,0,4,0,0,0,4
4209,Iraq,,2020-08-05,0,0,0,0,0,0,0,4,0,0,0,4
4255,Iceland,,2020-08-01,0,0,0,0,0,3,0,0,0,0,0,4
4256,Iceland,,2020-08-02,0,0,0,0,0,3,0,0,0,0,0,4
4257,Iceland,,2020-08-03,0,0,0,0,0,3,0,0,0,0,0,4
4258,Iceland,,2020-08-04,0,0,0,0,0,3,0,0,0,0,0,4
4259,Iceland,,2020-08-05,0,0,0,0,0,3,0,0,0,0,0,4
4305,Israel,,2020-08-01,0,3,0,0,0,0,2,0,0,0,0,0
4306,Israel,,2020-08-02,0,3,0,0,0,0,2,0,0,0,0,0
4307,Israel,,2020-08-03,0,3,0,0,0,0,2,0,0,0,0,0
4308,Israel,,2020-08-04,0,3,0,0,0,0,2,0,0,0,0,0
4309,Israel,,2020-08-05,0,3,0,0,0,0,2,0,0,0,0,0
4355,Italy,,2020-08-01,0,0,2,0,0,0,0,0,0,0,2,0
4356,Italy,,2020-08-02,0,0,2,0,0,0,0,0,0,0,2,0
4357,Italy,,2020-08-03,0,0,2,0,0,0,0,0,0,0,2,0
4358,Italy,,2020-08-04,0,0,2,0,0,0,0,0,0,0,2,0
4359,Italy,,2020-08-05,0,0,2,0,0,0,0,0,0,0,2,0
4405,Jamaica,,2020-08-01,0,0,0,0,0,0,2,0,2,0,0,0
4406,Jamaica,,2020-08-02,0,0,0,0,0,0,2,0,2,0,0,0
4407,Jamaica,,2020-08-03,0,0,0,0,0,0,2,0,2,0,0,0
4408,Jamaica,,2020-08-04,0,0,0,0,0,0,2,0,2,0,0,0
4409,Jamaica,,2020-08-05,0,0,0,0,0,0,2,0,2,0,0,0
4455,Jordan,,2020-08-01,0,0,0,4,0,0,2,0,0,0,0,0
4456,Jordan,,2020-08-02,0,0,0,4,0,0,2,0,0,0,0,0
4457,Jordan,,2020-08-03,0,0,0,4,0,0,2,0,0,0,0,0
4458,Jordan,,2020-08-04,0,0,0,4,0,0,2,0,0,0,0,0
4459,Jordan,,2020-08-05,0,0,0,4,0,0,2,0,0,0,0,0
4505,Japan,,2020-08-01,0,0,0,0,0,0,2,0,0,0,0,4
4506,Japan,,2020-08-02,0,0,0,0,0,0,2,0,0,0,0,4
4507,Japan,,2020-08-03,0,0,0,0,0,0,2,0,0,0,0,4
4508,Japan,,2020-08-04,0,0,0,0,0,0,2,0,0,0,0,4
4509,Japan,,2020-08-05,0,0,0,0,0,0,2,0,0,0,0,4
4555,Kazakhstan,,2020-08-01,0,0,2,0,0,0,0,0,0,0,0,4
4556,Kazakhstan,,2020-08-02,0,0,2,0,0,0,0,0,0,0,0,4
4557,Kazakhstan,,2020-08-03,0,0,2,0,0,0,0,0,0,0,0,4
4558,Kazakhstan,,2020-08-04,0,0,2,0,0,0,0,0,0,0,0,4
4559,Kazakhstan,,2020-08-05,0,0,2,0,0,0,0,0,0,0,0,4
4605,Kenya,,2020-08-01,0,0,0,0,2,0,0,0,0,3,0,0
4606,Kenya,,2020-08-02,0,0,0,0,2,0,0,0,0,3,0,0
4607,Kenya,,2020-08-03,0,0,0,0,2,0,0,0,0,3,0,0
4608,Kenya,,2020-08-04,0,0,0,0,2,0,0,0,0,3,0,0
4609,Kenya,,2020-08-05,0,0,0,0,2,0,0,0,0,3,0,0
4655,Kyrgyz Republic,,2020-08-01,0,0,0,0,0,0,2,0,0,0,2,0
4656,Kyrgyz Republic,,2020-08-02,0,0,0,0,0,0,2,0,0,0,2,0
4657,Kyrgyz Republic,,2020-08-03,0,0,0,0,0,0,2,0,0,0,2,0
4658,Kyrgyz Republic,,2020-08-04,0,0,0,0,0,0,2,0,0,0,2,0
4659,Kyrgyz Republic,,2020-08-05,0,0,0,0,0,0,2,0,0,0,2,0
4705,Cambodia,,2020-08-01,0,3,0,0,0,0,0,4,0,0,0,0
4706,Cambodia,,2020-08-02,0,3,0,0,0,0,0,4,0,0,0,0
4707,Cambodia,,2020-08-03,0,3,0,0,0,0,0,4,0,0,0,0
4708,Cambodia,,2020-08-04,0,3,0,0,0,0,0,4,0,0,0,0
4709,Cambodia,,2020-08-05,0,3,0,0,0,0,0,4,0,0,0,0
4755,South Korea,,2020-08-01,0,0,0,4,0,0,0,0,0,0,2,0
4756,South Korea,,2020-08-02,0,0,0,4,0,0,0,0,0,0,2,0
4757,South Korea,,2020-08-03,0,0,0,4,0,0,0,0,0,0,2,0
4758,South Korea,,2020-08-04,0,0,0,4,0,0,0,0,0,0,2,0
4759,South Korea,,2020-08-05,0,0,0,4,0,0,0,0,0,0,2,0
4805,Kuwait,,2020-08-01,0,0,0,0,0,3,0,0,2,0,0,0
4806,Kuwait,,2020-08-02,0,0,0,0,0,3,0,0,2,0,0,0
4807,Kuwait,,2020-08-03,0,0,0,0,0,3,0,0,2,0,0,0
4808,Kuwait,,2020-08-04,0,0,0,0,0,3,0,0,2,0,0,0
4809,Kuwait,,2020-08-05,0,0,0,0,0,3,0,0,2,0,0,0
4855,Laos,,2020-08-01,0,0,0,0,0,0,0,0,2,0,2,0
4856,Laos,,2020-08-02,0,0,0,0,0,0,0,0,2,0,2,0
4857,Laos,,2020-08-03,0,0,0,0,0,0,0,0,2,0,2,0
4858,Laos,,2020-08-04,0,0,0,0,0,0,0,0,2,0,2,0
4859,Laos,,2020-08-05,0,0,0,0,0,0,0,0,2,0,2,0
4905,Lebanon,,2020-08-01,0,0,0,0,0,0,0,4,2,0,0,0
4906,Lebanon,,2020-08-02,0,0,0,0,0,0,0,4,2,0,0,0
4907,Lebanon,,2020-08-03,0,0,0,0,0,0,0,4,2,0,0,0
4908,Lebanon,,2020-08-04,0,0,0,0,0,0,0,4,2,0,0,0
4909,Lebanon,,2020-08-05,0,0,0,0,0,0,0,4,2,0,0,0
4955,Liberia,,2020-08-01,0,0,0,0,0,3,0,4,0,0,0,0
4956,Liberia,,2020-08-02,0,0,0,0,0,3,0,4,0,0,0,0
4957,Liberia,,2020-08-03,0,0,0,0,0,3,0,4,0,0,0,0
4958,Liberia,,2020-08-04,0,0,0,0,0,3,0,4,0,0,0,0
4959,Liberia,,2020-08-05,0,0,0,0,0,3,0,4,0,0,0,0
5005,Libya,,2020-08-01,0,0,0,0,0,0,0,4,0,0,2,0
5006,Libya,,2020-08-02,0,0,0,0,0,0,0,4,0,0,2,0
5007,Libya,,2020-08-03,0,0,0,0,0,0,0,4,0,0,2,0
5008,Libya,,2020-08-04,0,0,0,0,0,0,0,4,0,0,2,0
5009,Libya,,2020-08-05,0,0,0,0,0,0,0,4,0,0,2,0
5055,Sri Lanka,,2020-08-01,0,0,0,0,2,0,0,0,0,0,0,4
5056,Sri Lanka,,2020-08-02,0,0,0,0,2,0,0,0,0,0,0,4
5057,Sri Lanka,,2020-08-03,0,0,0,0,2,0,0,0,0,0,0,4
5058,Sri Lanka,,2020-08-04,0,0,0,0,2,0,0,0,0,0,0,4
5059,Sri Lanka,,2020-08-05,0,0,0,0,2,0,0,0,0,0,0,4
5105,Lesotho,,2020-08-01,3,0,0,0,0,0,2,0,0,0,0,0
5106,Lesotho,,2020-08-02,3,0,0,0,0,0,2,0,0,0,0,0
5107,Lesotho,,2020-08-03,3,0,0,0,0,0,2,0,0,0,0,0
5108,Lesotho,,2020-08-04,3,0,0,0,0,0,2,0,0,0,0,0
5109,Lesotho,,2020-08-05,3,0,0,0,0,0,2,0,0,0,0,0
5155,Lithuania,,2020-08-01,0,0,2,4,0,0,0,0,0,0,0,0
5156,Lithuania,,2020-08-02,0,0,2,4,0,0,0,0,0,0,0,0
5157,Lithuania,,2020-08-03,0,0,2,4,0,0,0,0,0,0,0,0
5158,Lithuania,,2020-08-04,0,0,2,4,0,0,0,0,0,0,0,0
5159,Lithuania,,2020-08-05,0,0,2,4,0,0,0,0,0,0,0,0
5205,Luxembourg,,2020-08-01,0,0,0,0,0,3,0,0,0,0,2,0
5206,Luxembourg,,2020-08-02,0,0,0,0,0,3,0,0,0,0,2,0
5207,Luxembourg,,2020-08-03,0,0,0,0,0,3,0,0,0,0,2,0
5208,Luxembourg,,2020-08-04,0,0,0,0,0,3,0,0,0,0,2,0
5209,Luxembourg,,2020-08-05,0,0,0,0,0,3,0,0,0,0,2,0
5255,Latvia,,2020-08-01,0,3,0,0,0,3,0,0,0,0,0,0
5256,Latvia,,2020-08-02,0,3,0,0,0,3,0,0,0,0,0,0
5257,Latvia,,2020-08-03,0,3,0,0,0,3,0,0,0,0,0,0
5258,Latvia,,2020-08-04,0,3,0,0,0,3,0,0,0,0,0,0
5259,Latvia,,2020-08-05,0,3,0,0,0,3,0,0,0,0,0,0
5305,Macao,,2020-08-01,0,0,0,0,0,0,0,4,2,0,0,0
5306,Macao,,2020-08-02,0,0,0,0,0,0,0,4,2,0,0,0
5307,Macao,,2020-08-03,0,0,0,0,0,0,0,4,2,0,0,0
5308,Macao,,2020-08-04,0,0,0,0,0,0,0,4,2,0,0,0
5309,Macao,,2020-08-05,0,0,0,0,0,0,0,4,2,0,0,0
5355,Morocco,,2020-08-01,0,0,0,0,0,0,0,0,2,0,0,4
5356,Morocco,,2020-08-02,0,0,0,0,0,0,0,0,2,0,0,4
5357,Morocco,,2020-08-03,0,0,0,0,0,0,0,0,2,0,0,4
5358,Morocco,,2020-08-04,0,0,0,0,0,0,0,0,2,0,0,4
5359,Morocco,,2020-08-05,0,0,0,0,0,0,0,0,2,0,0,4
5405,Monaco,,2020-08-01,0,0,0,0,2,0,0,4,0,0,0,0
5406,Monaco,,2020-08-02,0,0,0,0,2,0,0,4,0,0,0,0
5407,Monaco,,2020-08-03,0,0,0,0,2,0,0,4,0,0,0,0
5408,Monaco,,2020-08-04,0,0,0,0,2,0,0,4,0,0,0,0
5409,Monaco,,2020-08-05,0,0,0,0,2,0,0,4,0,0,0,0
5455,Moldova,,2020-08-01,0,0,2,0,0,0,0,0,0,0,2,0
5456,Moldova,,2020-08-02,0,0,2,0,0,0,0,0,0,0,2,0
5457,Moldova,,2020-08-03,0,0,2,0,0,0,0,0,0,0,2,0
5458,Moldova,,2020-08-04,0,0,2,0,0,0,0,0,0,0,2,0
5459,Moldova,,2020-08-05,0,0,2,0,0,0,0,0,0,0,2,0
5505,Madagascar,,2020-08-01,0,0,0,0,0,0,2,4,0,0,0,0
5506,Madagascar,,2020-08-02,0,0,0,0,0,0,2,4,0,0,0,0
5507,Madagascar,,2020-08-03,0,0,0,0,0,0,2,4,0,0,0,0
5508,Madagascar,,2020-08-04,0,0,0,0,0,0,2,4,0,0,0,0
5509,Madagascar,,2020-08-05,0,0,0,0,0,0,2,4,0,0,0,0
5555,Mexico,,2020-08-01,0,0,0,4,0,0,0,0,0,0,0,4
5556,Mexico,,2020-08-02,0,0,0,4,0,0,0,0,0,0,0,4
5557,Mexico,,2020-08-03,0,0,0,4,0,0,0,0,0,0,0,4
5558,Mexico,,2020-08-04,0,0,0,4,0,0,0,0,0,0,0,4
5559,Mexico,,2020-08-05,0,0,0,4,0,0,0,0,0,0,0,4
5605,Mali,,2020-08-01,0,0,0,0,0,0,0,0,0,0,2,4
5606,Mali,,2020-08-02,0,0,0,0,0,0,0,0,0,0,2,4
5607,Mali,,2020-08-03,0,0,0,0,0,0,0,0,0,0,2,4
5608,Mali,,2020-08-04,0,0,0,0,0,0,0,0,0,0,2,4
5609,Mali,,2020-08-05,0,0,0,0,0,0,0,0,0,0,2,4
5655,Myanmar,,2020-08-01,0,3,0,0,0,0,0,0,0,0,2,0
5656,Myanmar,,2020-08-02,0,3,0,0,0,0,0,0,0,0,2,0
5657,Myanmar,,2020-08-03,0,3,0,0,0,0,0,0,0,0,2,0
5658,Myanmar,,2020-08-04,0,3,0,0,0,0,0,0,0,0,2,0
5659,Myanmar,,2020-08-05,0,3,0,0,0,0,0,0,0,0,2,0
5705,Mongolia,,2020-08-01,0,0,0,4,2,0,0,0,0,0,0,0
5706,Mongolia,,2020-08-02,0,0,0,4,2,0,0,0,0,0,0,0
5707,Mongolia,,2020-08-03,0,0,0,4,2,0,0,0,0,0,0,0
5708,Mongolia,,2020-08-04,0,0,0,4,2,0,0,0,0,0,0,0
5709,Mongolia,,2020-08-05,0,0,0,4,2,0,0,0,0,0,0,0
5755,Mozambique,,2020-08-01,0,0,0,4,0,0,2,0,0,0,0,0
5756,Mozambique,,2020-08-02,0,0,0,4,0,0,2,0,0,0,0,0
5757,Mozambique,,2020-08-03,0,0,0,4,0,0,2,0,0,0,0,0
5758,Mozambique,,2020-08-04,0,0,0,4,0,0,2,0,0,0,0,0
5759,Mozambique,,2020-08-05,0,0,0,4,0,0,2,0,0,0,0,0
5805,Mauritania,,2020-08-01,0,0,0,4,0,3,0,0,0,0,0,0
5806,Mauritania,,2020-08-02,0,0,0,4,0,3,0,0,0,0,0,0
5807,Mauritania,,2020-08-03,0,0,0,4,0,3,0,0,0,0,0,0
5808,Mauritania,,2020-08-04,0,0,0,4,0,3,0,0,0,0,0,0
5809,Mauritania,,2020-08-05,0,0,0,4,0,3,0,0,0,0,0,0
5855,Mauritius,,2020-08-01,0,3,2,0,0,0,0,0,0,0,0,0
5856,Mauritius,,2020-08-02,0,3,2,0,0,0,0,0,0,0,0,0
5857,Mauritius,,2020-08-03,0,3,2,0,0,0,0,0,0,0,0,0
5858,Mauritius,,2020-08-04,0,3,2,0,0,0,0,0,0,0,0,0
5859,Mauritius,,2020-08-05,0,3,2,0,0,0,0,0,0,0,0,0
5905,Malawi,,2020-08-01,3,0,0,0,0,0,0,0,0,0,2,0
5906,Malawi,,2020-08-02,3,0,0,0,0,0,0,0,0,0,2,0
5907,Malawi,,2020-08-03,3,0,0,0,0,0,0,0,0,0,2,0
5908,Malawi,,2020-08-04,3,0,0,0,0,0,0,0,0,0,2,0
5909,Malawi,,2020-08-05,3,0,0,0,0,0,0,0,0,0,2,0
5955,Malaysia,,2020-08-01,0,0,0,0,0,3,0,0,0,0,0,4
5956,Malaysia,,2020-08-02,0,0,0,0,0,3,0,0,0,0,0,4
5957,Malaysia,,2020-08-03,0,0,0,0,0,3,0,0,0,0,0,4
5958,Malaysia,,2020-08-04,0,0,0,0,0,3,0,0,0,0,0,4
5959,Malaysia,,2020-08-05,0,0,0,0,0,3,0,0,0,0,0,4
6005,Namibia,,2020-08-01,0,0,0,0,2,0,0,0,0,0,2,0
6006,Namibia,,2020-08-02,0,0,0,0,2,0,0,0,0,0,2,0
6007,Namibia,,2020-08-03,0,0,0,0,2,0,0,0,0,0,2,0
6008,Namibia,,2020-08-04,0,0,0,0,2,0,0,0,0,0,2,0
6009,Namibia,,2020-08-05,0,0,0,0,2,0,0,0,0,0,2,0
6055,Niger,,2020-08-01,0,0,0,0,2,3,0,0,0,0,0,0
6056,Niger,,2020-08-02,0,0,0,0,2,3,0,0,0,0,0,0
6057,Niger,,2020-08-03,0,0,0,0,2,3,0,0,0,0,0,0
6058,Niger,,2020-08-04,0,0,0,0,2,3,0,0,0,0,0,0
6059,Niger,,2020-08-05,0,0,0,0,2,3,0,0,0,0,0,0
6105,Nigeria,,2020-08-01,0,3,0,4,0,0,0,0,0,0,0,0
6106,Nigeria,,2020-08-02,0,3,0,4,0,0,0,0,0,0,0,0
6107,Nigeria,,2020-08-03,0,3,0,4,0,0,0,0,0,0,0,0
6108,Nigeria,,2020-08-04,0,3,0,4,0,0,0,0,0,0,0,0
6109,Nigeria,,2020-08-05,0,3,0,4,0,0,0,0,0,0,0,0
6155,Nicaragua,,2020-08-01,3,0,0,0,0,0,0,4,0,0,0,0
6156,Nicaragua,,2020-08-02,3,0,0,0,0,0,0,4,0,0,0,0
6157,Nicaragua,,2020-08-03,3,0,0,0,0,0,0,4,0,0,0,0
6158,Nicaragua,,2020-08-04,3,0,0,0,0,0,0,4,0,0,0,0
6159,Nicaragua,,2020-08-05,3,0,0,0,0,0,0,4,0,0,0,0
6205,Netherlands,,2020-08-01,0,0,0,0,2,0,0,0,0,3,0,0
6206,Netherlands,,2020-08-02,0,0,0,0,2,0,0,0,0,3,0,0
6207,Netherlands,,2020-08-03,0,0,0,0,2,0,0,0,0,3,0,0
6208,Netherlands,,2020-08-04,0,0,0,0,2,0,0,0,0,3,0,0
6209,Netherlands,,2020-08-05,0,0,0,0,2,0,0,0,0,3,0,0
6255,Norway,,2020-08-01,0,3,2,0,0,0,0,0,0,0,0,0
6256,Norway,,2020-08-02,0,3,2,0,0,0,0,0,0,0,0,0
6257,Norway,,2020-08-03,0,3,2,0,0,0,0,0,0,0,0,0
6258,Norway,,2020-08-04,0,3,2,0,0,0,0,0,0,0,0,0
6259,Norway,,2020-08-05,0,3,2,0,0,0,0,0,0,0,0,0
6305,Nepal,,2020-08-01,0,0,0,0,2,0,0,0,0,3,0,0
6306,Nepal,,2020-08-02,0,0,0,0,2,0,0,0,0,3,0,0
6307,Nepal,,2020-08-03,0,0,0,0,2,0,0,0,0,3,0,0
6308,Nepal,,2020-08-04,0,0,0,0,2,0,0,0,0,3,0,0
6309,Nepal,,2020-08-05,0,0,0,0,2,0,0,0,0,3,0,0
6355,New Zealand,,2020-08-01,3,0,0,0,0,0,0,0,0,0,2,0
6356,New Zealand,,2020-08-02,3,0,0,0,0,0,0,0,0,0,2,0
6357,New Zealand,,2020-08-03,3,0,0,0,0,0,0,0,0,0,2,0
6358,New Zealand,,2020-08-04,3,0,0,0,0,0,0,0,0,0,2,0
6359,New Zealand,,2020-08-05,3,0,0,0,0,0,0,0,0,0,2,0
6405,Oman,,2020-08-01,0,0,0,0,0,0,2,0,0,0,0,4
6406,Oman,,2020-08-02,0,0,0,0,0,0,2,0,0,0,0,4
6407,Oman,,2020-08-03,0,0,0,0,0,0,2,0,0,0,0,4
6408,Oman,,2020-08-04,0,0,0,0,0,0,2,0,0,0,0,4
6409,Oman,,2020-08-05,0,0,0,0,0,0,2,0,0,0,0,4
6455,Pakistan,,2020-08-01,3,0,0,0,0,3,0,0,0,0,0,0
6456,Pakistan,,2020-08-02,3,0,0,0,0,3,0,0,0,0,0,0
6457,Pakistan,,2020-08-03,3,0,0,0,0,3,0,0,0,0,0,0
6458,Pakistan,,2020-08-04,3,0,0,0,0,3,0,0,0,0,0,0
6459,Pakistan,,2020-08-05,3,0,0,0,0,3,0,0,0,0,0,0
6505,Panama,,2020-08-01,0,0,2,0,2,0,0,0,0,0,0,0
6506,Panama,,2020-08-02,0,0,2,0,2,0,0,0,0,0,0,0
6507,Panama,,2020-08-03,0,0,2,0,2,0,0,0,0,0,0,0
6508,Panama,,2020-08-04,0,0,2,0,2,0,0,0,0,0,0,0
6509,Panama,,2020-08-05,0,0,2,0,2,0,0,0,0,0,0,0
6555,Peru,,2020-08-01,0,0,0,4,0,0,2,0,0,0,0,0
6556,Peru,,2020-08-02,0,0,0,4,0,0,2,0,0,0,0,0
6557,Peru,,2020-08-03,0,0,0,4,0,0,2,0,0,0,0,0
6558,Peru,,2020-08-04,0,0,0,4,0,0,2,0,0,0,0,0
6559,Peru,,2020-08-05,0,0,0,4,0,0,2,0,0,0,0,0
6605,Philippines,,2020-08-01,3,0,0,0,0,0,0,0,2,0,0,0
6606,Philippines,,2020-08-02,3,0,0,0,0,0,0,0,2,0,0,0
6607,Philippines,,2020-08-03,3,0,0,0,0,0,0,0,2,0,0,0
6608,Philippines,,2020-08-04,3,0,0,0,0,0,0,0,2,0,0,0
6609,Philippines,,2020-08-05,3,0,0,0,0,0,0,0,2,0,0,0
6655,Papua New Guinea,,2020-08-01,0,0,0,0,0,3,0,0,0,0,2,0
6656,Papua New Guinea,,2020-08-02,0,0,0,0,0,3,0,0,0,0,2,0
6657,Papua New Guinea,,2020-08-03,0,0,0,0,0,3,0,0,0,0,2,0
6658,Papua New Guinea,,2020-08-04,0,0,0,0,0,3,0,0,0,0,2,0
6659,Papua New Guinea,,2020-08-05,0,0,0,0,0,3,0,0,0,0,2,0
6705,Poland,,2020-08-01,0,3,2,0,0,0,0,4,0,0,2,0
6706,Poland,,2020-08-02,0,3,2,0,0,0,0,4,0,0,2,0
6707,Poland,,2020-08-03,0,3,2,0,0,0,0,4,0,0,2,0
6708,Poland,,2020-08-04,0,3,2,0,0,0,0,4,0,0,2,0
6709,Poland,,2020-08-05,0,3,2,0,0,0,0,4,0,0,2,0
6755,Puerto Rico,,2020-08-01,0,0,0,0,2,0,0,0,2,0,0,0
6756,Puerto Rico,,2020-08-02,0,0,0,0,2,0,0,0,2,0,0,0
6757,Puerto Rico,,2020-08-03,0,0,0,0,2,0,0,0,2,0,0,0
6758,Puerto Rico,,2020-08-04,0,0,0,0,2,0,0,0,2,0,0,0
6759,Puerto Rico,,2020-08-05,0,0,0,0,2,0,0,0,2,0,0,0
6805,Portugal,,2020-08-01,0,0,0,4,2,0,0,0,0,0,2,0
6806,Portugal,,2020-08-02,0,0,0,4,2,0,0,0,0,0,2,0
6807,Portugal,,2020-08-03,0,0,0,4,2,0,0,0,0,0,2,0
6808,Portugal,,2020-08-04,0,0,0,4,2,0,0,0,0,0,2,0
6809,Portugal,,2020-08-05,0,0,0,4,2,0,0,0,0,0,2,0
6855,Paraguay,,2020-08-01,3,0,0,0,0,0,0,0,2,0,0,0
6856,Paraguay,,2020-08-02,3,0,0,0,0,0,0,0,2,0,0,0
6857,Paraguay,,2020-08-03,3,0,0,0,0,0,0,0,2,0,0,0
6858,Paraguay,,2020-08-04,3,0,0,0,0,0,0,0,2,0,0,0
6859,Paraguay,,2020-08-05,3,0,0,0,0,0,0,0,2,0,0,0
6905,Palestine,,2020-08-01,0,0,2,0,2,0,0,0,0,0,0,0
6906,Palestine,,2020-08-02,0,0,2,0,2,0,0,0,0,0,0,0
6907,Palestine,,2020-08-03,0,0,2,0,2,0,0,0,0,0,0,0
6908,Palestine,,2020-08-04,0,0,2,0,2,0,0,0,0,0,0,0
6909,Palestine,,2020-08-05,0,0,2,0,2,0,0,0,0,0,0,0
6955,Qatar,,2020-08-01,0,3,2,0,0,0,0,4,0,0,0,0
6956,Qatar,,2020-08-02,0,3,2,0,0,0,0,4,0,0,0,0
6957,Qatar,,2020-08-03,0,3,2,0,0,0,0,4,0,0,0,0
6958,Qatar,,2020-08-04,0,3,2,0,0,0,0,4,0,0,0,0
6959,Qatar,,2020-08-05,0,3,2,0,0,0,0,4,0,0,0,0
7005,Kosovo,,2020-08-01,0,0,0,0,0,0,0,0,2,0,0,4
7006,Kosovo,,2020-08-02,0,0,0,0,0,0,0,0,2,0,0,4
7007,Kosovo,,2020-08-03,0,0,0,0,0,0,0,0,2,0,0,4
7008,Kosovo,,2020-08-04,0,0,0,0,0,0,0,0,2,0,0,4
7009,Kosovo,,2020-08-05,0,0,0,0,0,0,0,0,2,0,0,4
7055,Romania,,2020-08-01,0,3,0,0,0,0,2,0,0,0,0,0
7056,Romania,,2020-08-02,0,3,0,0,0,0,2,0,0,0,0,0
7057,Romania,,2020-08-03,0,3,0,0,0,0,2,0,0,0,0,0
7058,Romania,,2020-08-04,0,3,0,0,0,0,2,0,0,0,0,0
7059,Romania,,2020-08-05,0,3,0,0,0,0,2,0,0,0,0,0
7105,Russia,,2020-08-01,0,0,2,0,0,3,0,0,0,0,0,0
7106,Russia,,2020-08-02,0,0,2,0,0,3,0,0,0,0,0,0
7107,Russia,,2020-08-03,0,0,2,0,0,3,0,0,0,0,0,0
7108,Russia,,2020-08-04,0,0,2,0,0,3,0,0,0,0,0,0
7109,Russia,,2020-08-05,0,0,2,0,0,3,0,0,0,0,0,0
7155,Rwanda,,2020-08-01,0,0,0,0,0,0,0,0,0,0,2,4
7156,Rwanda,,2020-08-02,0,0,0,0,0,0,0,0,0,0,2,4
7157,Rwanda,,2020-08-03,0,0,0,0,0,0,0,0,0,0,2,4
7158,Rwanda,,2020-08-04,0,0,0,0,0,0,0,0,0,0,2,4
7159,Rwanda,,2020-08-05,0,0,0,0,0,0,0,0,0,0,2,4
7205,Saudi Arabia,,2020-08-01,0,3,0,0,0,0,0,0,0,0,2,0
7206,Saudi Arabia,,2020-08-02,0,3,0,0,0,0,0,0,0,0,2,0
7207,Saudi Arabia,,2020-08-03,0,3,0,0,0,0,0,0,0,0,2,0
7208,Saudi Arabia,,2020-08-04,0,3,0,0,0,0,0,0,0,0,2,0
7209,Saudi Arabia,,2020-08-05,0,3,0,0,0,0,0,0,0,0,2,0
7255,Sudan,,2020-08-01,0,3,0,4,0,0,0,0,0,0,0,0
7256,Sudan,,2020-08-02,0,3,0,4,0,0,0,0,0,0,0,0
7257,Sudan,,2020-08-03,0,3,0,4,0,0,0,0,0,0,0,0
7258,Sudan,,2020-08-04,0,3,0,4,0,0,0,0,0,0,0,0
7259,Sudan,,2020-08-05,0,3,0,4,0,0,0,0,0,0,0,0
7305,Senegal,,2020-08-01,0,0,2,4,0,0,0,0,0,0,0,0
7306,Senegal,,2020-08-02,0,0,2,4,0,0,0,0,0,0,0,0
7307,Senegal,,2020-08-03,0,0,2,4,0,0,0,0,0,0,0,0
7308,Senegal,,2020-08-04,0,0,2,4,0,0,0,0,0,0,0,0
7309,Senegal,,2020-08-05,0,0,2,4,0,0,0,0,0,0,0,0
7355,Singapore,,2020-08-01,0,3,0,0,0,3,0,0,0,0,0,0
7356,Singapore,,2020-08-02,0,3,0,0,0,3,0,0,0,0,0,0
7357,Singapore,,2020-08-03,0,3,0,0,0,3,0,0,0,0,0,0
7358,Singapore,,2020-08-04,0,3,0,0,0,3,0,0,0,0,0,0
7359,Singapore,,2020-08-05,0,3,0,0,0,3,0,0,0,0,0,0
7405,Solomon Islands,,2020-08-01,0,3,0,0,0,0,0,0,0,0,0,4
7406,Solomon Islands,,2020-08-02,0,3,0,0,0,0,0,0,0,0,0,4
7407,Solomon Islands,,2020-08-03,0,3,0,0,0,0,0,0,0,0,0,4
7408,Solomon Islands,,2020-08-04,0,3,0,0,0,0,0,0,0,0,0,4
7409,Solomon Islands,,2020-08-05,0,3,0,0,0,0,0,0,0,0,0,4
7455,Sierra Leone,,2020-08-01,0,3,0,0,0,0,0,0,0,0,2,0
7456,Sierra Leone,,2020-08-02,0,3,0,0,0,0,0,0,0,0,2,0
7457,Sierra Leone,,2020-08-03,0,3,0,0,0,0,0,0,0,0,2,0
7458,Sierra Leone,,2020-08-04,0,3,0,0,0,0,0,0,0,0,2,0
7459,Sierra Leone,,2020-08-05,0,3,0,0,0,0,0,0,0,0,2,0
7505,El Salvador,,2020-08-01,3,0,0,0,0,0,0,0,0,0,2,0
7506,El Salvador,,2020-08-02,3,0,0,0,0,0,0,0,0,0,2,0
7507,El Salvador,,2020-08-03,3,0,0,0,0,0,0,0,0,0,2,0
7508,El Salvador,,2020-08-04,3,0,0,0,0,0,0,0,0,0,2,0
7509,El Salvador,,2020-08-05,3,0,0,0,0,0,0,0,0,0,2,0
7555,San Marino,,2020-08-01,0,3,0,0,0,0,2,0,0,0,0,0
7556,San Marino,,2020-08-02,0,3,0,0,0,0,2,0,0,0,0,0
7557,San Marino,,2020-08-03,0,3,0,0,0,0,2,0,0,0,0,0
7558,San Marino,,2020-08-04,0,3,0,0,0,0,2,0,0,0,0,0
7559,San Marino,,2020-08-05,0,3,0,0,0,0,2,0,0,0,0,0
7605,Somalia,,2020-08-01,0,0,0,4,0,0,0,0,2,0,0,0
7606,Somalia,,2020-08-02,0,0,0,4,0,0,0,0,2,0,0,0
7607,Somalia,,2020-08-03,0,0,0,4,0,0,0,0,2,0,0,0
7608,Somalia,,2020-08-04,0,0,0,4,0,0,0,0,2,0,0,0
7609,Somalia,,2020-08-05,0,0,0,4,0,0,0,0,2,0,0,0
7655,Serbia,,2020-08-01,0,0,0,0,0,0,2,0,0,0,0,4
7656,Serbia,,2020-08-02,0,0,0,0,0,0,2,0,0,0,0,4
7657,Serbia,,2020-08-03,0,0,0,0,0,0,2,0,0,0,0,4
7658,Serbia,,2020-08-04,0,0,0,0,0,0,2,0,0,0,0,4
7659,Serbia,,2020-08-05,0,0,0,0,0,0,2,0,0,0,0,4
7705,South Sudan,,2020-08-01,0,0,0,4,2,0,0,0,2,0,0,0
7706,South Sudan,,2020-08-02,0,0,0,4,2,0,0,0,2,0,0,0
7707,South Sudan,,2020-08-03,0,0,0,4,2,0,0,0,2,0,0,0
7708,South Sudan,,2020-08-04,0,0,0,4,2,0,0,0,2,0,0,0
7709,South Sudan,,2020-08-05,0,0,0,4,2,0,0,0,2,0,0,0
7755,Suriname,,2020-08-01,3,0,0,0,0,0,0,0,0,3,0,0
7756,Suriname,,2020-08-02,3,0,0,0,0,0,0,0,0,3,0,0
7757,Suriname,,2020-08-03,3,0,0,0,0,0,0,0,0,3,0,0
7758,Suriname,,2020-08-04,3,0,0,0,0,0,0,0,0,3,0,0
7759,Suriname,,2020-08-05,3,0,0,0,0,0,0,0,0,3,0,0
7805,Slovak Republic,,2020-08-01,0,0,0,0,0,0,0,4,2,0,0,0
7806,Slovak Republic,,2020-08-02,0,0,0,0,0,0,0,4,2,0,0,0
7807,Slovak Republic,,2020-08-03,0,0,0,0,0,0,0,4,2,0,0,0
7808,Slovak Republic,,2020-08-04,0,0,0,0,0,0,0,4,2,0,0,0
7809,Slovak Republic,,2020-08-05,0,0,0,0,0,0,0,4,2,0,0,0
7855,Slovenia,,2020-08-01,0,0,0,0,0,0,2,0,0,0,0,4
7856,Slovenia,,2020-08-02,0,0,0,0,0,0,2,0,0,0,0,4
7857,Slovenia,,2020-08-03,0,0,0,0,0,0,2,0,0,0,0,4
7858,Slovenia,,2020-08-04,0,0,0,0,0,0,2,0,0,0,0,4
7859,Slovenia,,2020-08-05,0,0,0,0,0,0,2,0,0,0,0,4
7905,Sweden,,2020-08-01,3,0,0,0,0,0,0,4,0,0,0,0
7906,Sweden,,2020-08-02,3,0,0,0,0,0,0,4,0,0,0,0
7907,Sweden,,2020-08-03,3,0,0,0,0,0,0,4,0,0,0,0
7908,Sweden,,2020-08-04,3,0,0,0,0,0,0,4,0,0,0,0
7909,Sweden,,2020-08-05,3,0,0,0,0,0,0,4,0,0,0,0
7955,Eswatini,,2020-08-01,0,0,0,0,0,0,2,0,0,0,2,0
7956,Eswatini,,2020-08-02,0,0,0,0,0,0,2,0,0,0,2,0
7957,Eswatini,,2020-08-03,0,0,0,0,0,0,2,0,0,0,2,0
7958,Eswatini,,2020-08-04,0,0,0,0,0,0,2,0,0,0,2,0
7959,Eswatini,,2020-08-05,0,0,0,0,0,0,2,0,0,0,2,0
8005,Seychelles,,2020-08-01,0,0,0,4,0,0,2,0,0,0,0,0
8006,Seychelles,,2020-08-02,0,0,0,4,0,0,2,0,0,0,0,0
8007,Seychelles,,2020-08-03,0,0,0,4,0,0,2,0,0,0,0,0
8008,Seychelles,,2020-08-04,0,0,0,4,0,0,2,0,0,0,0,0
8009,Seychelles,,2020-08-05,0,0,0,4,0,0,2,0,0,0,0,0
8055,Syria,,2020-08-01,3,0,2,0,0,0,0,0,0,3,0,0
8056,Syria,,2020-08-02,3,0,2,0,0,0,0,0,0,3,0,0
8057,Syria,,2020-08-03,3,0,2,0,0,0,0,0,0,3,0,0
8058,Syria,,2020-08-04,3,0,2,0,0,0,0,0,0,3,0,0
8059,Syria,,2020-08-05,3,0,2,0,0,0,0,0,0,3,0,0
8105,Chad,,2020-08-01,0,3,0,0,0,0,0,0,2,0,0,0
8106,Chad,,2020-08-02,0,3,0,0,0,0,0,0,2,0,0,0
8107,Chad,,2020-08-03,0,3,0,0,0,0,0,0,2,0,0,0
8108,Chad,,2020-08-04,0,3,0,0,0,0,0,0,2,0,0,0
8109,Chad,,2020-08-05,0,3,0,0,0,0,0,0,2,0,0,0
8155,Togo,,2020-08-01,0,0,2,0,0,0,0,0,2,0,0,0
8156,Togo,,2020-08-02,0,0,2,0,0,0,0,0,2,0,0,0
8157,Togo,,2020-08-03,0,0,2,0,0,0,0,0,2,0,0,0
8158,Togo,,2020-08-04,0,0,2,0,0,0,0,0,2,0,0,0
8159,Togo,,2020-08-05,0,0,2,0,0,0,0,0,2,0,0,0
8205,Thailand,,2020-08-01,3,0,0,0,0,0,0,0,0,3,0,0
8206,Thailand,,2020-08-02,3,0,0,0,0,0,0,0,0,3,0,0
8207,Thailand,,2020-08-03,3,0,0,0,0,0,0,0,0,3,0,0
8208,Thailand,,2020-08-04,3,0,0,0,0,0,0,0,0,3,0,0
8209,Thailand,,2020-08-05,3,0,0,0,0,0,0,0,0,3,0,0
8255,Tajikistan,,2020-08-01,0,0,2,4,0,0,0,0,0,0,0,0
8256,Tajikistan,,2020-08-02,0,0,2,4,0,0,0,0,0,0,0,0
8257,Tajikistan,,2020-08-03,0,0,2,4,0,0,0,0,0,0,0,0
8258,Tajikistan,,2020-08-04,0,0,2,4,0,0,0,0,0,0,0,0
8259,Tajikistan,,2020-08-05,0,0,2,4,0,0,0,0,0,0,0,0
8305,Timor-Leste,,2020-08-01,0,0,0,0,0,0,0,4,0,3,2,0
8306,Timor-Leste,,2020-08-02,0,0,0,0,0,0,0,4,0,3,2,0
8307,Timor-Leste,,2020-08-03,0,0,0,0,0,0,0,4,0,3,2,0
8308,Timor-Leste,,2020-08-04,0,0,0,0,0,0,0,4,0,3,2,0
8309,Timor-Leste,,2020-08-05,0,0,0,0,0,0,0,4,0,3,2,0
8355,Trinidad and Tobago,,2020-08-01,0,0,0,0,0,3,0,4,0,0,0,0
8356,Trinidad and Tobago,,2020-08-02,0,0,0,0,0,3,0,4,0,0,0,0
8357,Trinidad and Tobago,,2020-08-03,0,0,0,0,0,3,0,4,0,0,0,0
8358,Trinidad and Tobago,,2020-08-04,0,0,0,0,0,3,0,4,0,0,0,0
8359,Trinidad and Tobago,,2020-08-05,0,0,0,0,0,3,0,4,0,0,0,0
8405,Tunisia,,2020-08-01,0,0,0,0,0,3,2,0,0,0,0,0
8406,Tunisia,,2020-08-02,0,0,0,0,0,3,2,0,0,0,0,0
8407,Tunisia,,2020-08-03,0,0,0,0,0,3,2,0,0,0,0,0
8408,Tunisia,,2020-08-04,0,0,0,0,0,3,2,0,0,0,0,0
8409,Tunisia,,2020-08-05,0,0,0,0,0,3,2,0,0,0,0,0
8455,Turkey,,2020-08-01,0,3,0,0,2,0,0,0,0,0,0,0
8456,Turkey,,2020-08-02,0,3,0,0,2,0,0,0,0,0,0,0
8457,Turkey,,2020-08-03,0,3,0,0,2,0,0,0,0,0,0,0
8458,Turkey,,2020-08-04,0,3,0,0,2,0,0,0,0,0,0,0
8459,Turkey,,2020-08-05,0,3,0,0,2,0,0,0,0,0,0,0
8505,Taiwan,,2020-08-01,0,0,2,0,0,0,0,0,0,3,0,0
8506,Taiwan,,2020-08-02,0,0,2,0,0,0,0,0,0,3,0,0
8507,Taiwan,,2020-08-03,0,0,2,0,0,0,0,0,0,3,0,0
8508,Taiwan,,2020-08-04,0,0,2,0,0,0,0,0,0,3,0,0
8509,Taiwan,,2020-08-05,0,0,2,0,0,0,0,0,0,3,0,0
8555,Tanzania,,2020-08-01,0,3,0,0,0,0,0,4,0,0,0,0
8556,Tanzania,,2020-08-02,0,3,0,0,0,0,0,4,0,0,0,0
8557,Tanzania,,2020-08-03,0,3,0,0,0,0,0,4,0,0,0,0
8558,Tanzania,,2020-08-04,0,3,0,0,0,0,0,4,0,0,0,0
8559,Tanzania,,2020-08-05,0,3,0,0,0,0,0,4,0,0,0,0
8605,Uganda,,2020-08-01,0,0,0,0,2,0,0,0,0,0,2,0
8606,Uganda,,2020-08-02,0,0,0,0,2,0,0,0,0,0,2,0
8607,Uganda,,2020-08-03,0,0,0,0,2,0,0,0,0,0,2,0
8608,Uganda,,2020-08-04,0,0,0,0,2,0,0,0,0,0,2,0
8609,Uganda,,2020-08-05,0,0,0,0,2,0,0,0,0,0,2,0
8655,Ukraine,,2020-08-01,0,0,0,0,0,3,0,0,0,0,0,4
8656,Ukraine,,2020-08-02,0,0,0,0,0,3,0,0,0,0,0,4
8657,Ukraine,,2020-08-03,0,0,0,0,0,3,0,0,0,0,0,4
8658,Ukraine,,2020-08-04,0,0,0,0,0,3,0,0,0,0,0,4
8659,Ukraine,,2020-08-05,0,0,0,0,0,3,0,0,0,0,0,4
8705,Uruguay,,2020-08-01,0,3,0,0,0,3,0,0,0,0,0,0
8706,Uruguay,,2020-08-02,0,3,0,0,0,3,0,0,0,0,0,0
8707,Uruguay,,2020-08-03,0,3,0,0,0,3,0,0,0,0,0,0
8708,Uruguay,,2020-08-04,0,3,0,0,0,3,0,0,0,0,0,0
8709,Uruguay,,2020-08-05,0,3,0,0,0,3,0,0,0,0,0,0
8755,United States,,2020-08-01,0,0,0,4,2,0,0,0,0,0,0,0
8756,United States,,2020-08-02,0,0,0,4,2,0,0,0,0,0,0,0
8757,United States,,2020-08-03,0,0,0,4,2,0,0,0,0,0,0,0
8758,United States,,2020-08-04,0,0,0,4,2,0,0,0,0,0,0,0
8759,United States,,2020-08-05,0,0,0,4,2,0,0,0,0,0,0,0
8805,United States,Alaska,2020-08-01,0,0,2,4,0,0,0,0,0,0,0,0
8806,United States,Alaska,2020-08-02,0,0,2,4,0,0,0,0,0,0,0,0
8807,United States,Alaska,2020-08-03,0,0,2,4,0,0,0,0,0,0,0,0
8808,United States,Alaska,2020-08-04,0,0,2,4,0,0,0,0,0,0,0,0
8809,United States,Alaska,2020-08-05,0,0,2,4,0,0,0,0,0,0,0,0
8855,United States,Alabama,2020-08-01,0,0,0,4,0,0,0,0,0,0,0,4
8856,United States,Alabama,2020-08-02,0,0,0,4,0,0,0,0,0,0,0,4
8857,United States,Alabama,2020-08-03,0,0,0,4,0,0,0,0,0,0,0,4
8858,United States,Alabama,2020-08-04,0,0,0,4,0,0,0,0,0,0,0,4
8859,United States,Alabama,2020-08-05,0,0,0,4,0,0,0,0,0,0,0,4
8905,United States,Arkansas,2020-08-01,0,0,0,0,0,0,0,0,2,0,0,4
8906,United States,Arkansas,2020-08-02,0,0,0,0,0,0,0,0,2,0,0,4
8907,United States,Arkansas,2020-08-03,0,0,0,0,0,0,0,0,2,0,0,4
8908,United States,Arkansas,2020-08-04,0,0,0,0,0,0,0,0,2,0,0,4
8909,United States,Arkansas,2020-08-05,0,0,0,0,0,0,0,0,2,0,0,4
8955,United States,Arizona,2020-08-01,0,0,0,0,2,0,0,0,0,0,0,4
8956,United States,Arizona,2020-08-02,0,0,0,0,2,0,0,0,0,0,0,4
8957,United States,Arizona,2020-08-03,0,0,0,0,2,0,0,0,0,0,0,4
8958,United States,Arizona,2020-08-04,0,0,0,0,2,0,0,0,0,0,0,4
8959,United States,Arizona,2020-08-05,0,0,0,0,2,0,0,0,0,0,0,4
9005,United States,California,2020-08-01,3,0,2,0,0,0,0,0,0,0,0,0
9006,United States,California,2020-08-02,3,0,2,0,0,0,0,0,0,0,0,0
9007,United States,California,2020-08-03,3,0,2,0,0,0,0,0,0,0,0,0
9008,United States,California,2020-08-04,3,0,2,0,0,0,0,0,0,0,0,0
9009,United States,California,2020-08-05,3,0,2,0,0,0,0,0,0,0,0,0
9055,United States,Colorado,2020-08-01,3,0,0,0,0,0,0,0,0,0,0,4
9056,United States,Colorado,2020-08-02,3,0,0,0,0,0,0,0,0,0,0,4
9057,United States,Colorado,2020-08-03,3,0,0,0,0,0,0,0,0,0,0,4
9058,United States,Colorado,2020-08-04,3,0,0,0,0,0,0,0,0,0,0,4
9059,United States,Colorado,2020-08-05,3,0,0,0,0,0,0,0,0,0,0,4
9105,United States,Connecticut,2020-08-01,0,3,0,0,2,0,0,0,0,0,0,0
9106,United States,Connecticut,2020-08-02,0,3,0,0,2,0,0,0,0,0,0,0
9107,United States,Connecticut,2020-08-03,0,3,0,0,2,0,0,0,0,0,0,0
9108,United States,Connecticut,2020-08-04,0,3,0,0,2,0,0,0,0,0,0,0
9109,United States,Connecticut,2020-08-05,0,3,0,0,2,0,0,0,0,0,0,0
9155,United States,Washington DC,2020-08-01,0,0,0,0,0,3,0,0,0,0,2,0
9156,United States,Washington DC,2020-08-02,0,0,0,0,0,3,0,0,0,0,2,0
9157,United States,Washington DC,2020-08-03,0,0,0,0,0,3,0,0,0,0,2,0
9158,United States,Washington DC,2020-08-04,0,0,0,0,0,3,0,0,0,0,2,0
9159,United States,Washington DC,2020-08-05,0,0,0,0,0,3,0,0,0,0,2,0
9205,United States,Delaware,2020-08-01,0,3,0,0,0,0,0,0,0,0,0,4
9206,United States,Delaware,2020-08-02,0,3,0,0,0,0,0,0,0,0,0,4
9207,United States,Delaware,2020-08-03,0,3,0,0,0,0,0,0,0,0,0,4
9208,United States,Delaware,2020-08-04,0,3,0,0,0,0,0,0,0,0,0,4
9209,United States,Delaware,2020-08-05,0,3,0,0,0,0,0,0,0,0,0,4
9255,United States,Florida,2020-08-01,0,0,2,0,0,0,0,4,0,0,0,0
9256,United States,Florida,2020-08-02,0,0,2,0,0,0,0,4,0,0,0,0
9257,United States,Florida,2020-08-03,0,0,2,0,0,0,0,4,0,0,0,0
9258,United States,Florida,2020-08-04,0,0,2,0,0,0,0,4,0,0,0,0
9259,United States,Florida,2020-08-05,0,0,2,0,0,0,0,4,0,0,0,0
9305,United States,Georgia,2020-08-01,0,0,0,0,0,0,0,4,0,0,2,0
9306,United States,Georgia,2020-08-02,0,0,0,0,0,0,0,4,0,0,2,0
9307,United States,Georgia,2020-08-03,0,0,0,0,0,0,0,4,0,0,2,0
9308,United States,Georgia,2020-08-04,0,0,0,0,0,0,0,4,0,0,2,0
9309,United States,Georgia,2020-08-05,0,0,0,0,0,0,0,4,0,0,2,0
9355,United States,Hawaii,2020-08-01,0,0,0,4,2,0,0,0,0,0,0,0
9356,United States,Hawaii,2020-08-02,0,0,0,4,2,0,0,0,0,0,0,0
9357,United States,Hawaii,2020-08-03,0,0,0,4,2,0,0,0,0,0,0,0
9358,United States,Hawaii,2020-08-04,0,0,0,4,2,0,0,0,0,0,0,0
9359,United States,Hawaii,2020-08-05,0,0,0,4,2,0,0,0,0,0,0,0
9405,United States,Iowa,2020-08-01,0,0,0,0,0,0,0,0,0,0,2,4
9406,United States,Iowa,2020-08-02,0,0,0,0,0,0,0,0,0,0,2,4
9407,United States,Iowa,2020-08-03,0,0,0,0,0,0,0,0,0,0,2,4
9408,United States,Iowa,2020-08-04,0,0,0,0,0,0,0,0,0,0,2,4
9409,United States,Iowa,2020-08-05,0,0,0,0,0,0,0,0,0,0,2,4
9455,United States,Idaho,2020-08-01,0,3,0,0,2,0,0,0,0,0,0,0
9456,United States,Idaho,2020-08-02,0,3,0,0,2,0,0,0,0,0,0,0
9457,United States,Idaho,2020-08-03,0,3,0,0,2,0,0,0,0,0,0,0
9458,United States,Idaho,2020-08-04,0,3,0,0,2,0,0,0,0,0,0,0
9459,United States,Idaho,2020-08-05,0,3,0,0,2,0,0,0,0,0,0,0
9505,United States,Illinois,2020-08-01,0,0,0,0,2,0,2,0,0,0,0,0
9506,United States,Illinois,2020-08-02,0,0,0,0,2,0,2,0,0,0,0,0
9507,United States,Illinois,2020-08-03,0,0,0,0,2,0,2,0,0,0,0,0
9508,United States,Illinois,2020-08-04,0,0,0,0,2,0,2,0,0,0,0,0
9509,United States,Illinois,2020-08-05,0,0,0,0,2,0,2,0,0,0,0,0
9555,United States,Indiana,2020-08-01,0,0,0,0,2,0,0,0,2,0,2,0
9556,United States,Indiana,2020-08-02,0,0,0,0,2,0,0,0,2,0,2,0
9557,United States,Indiana,2020-08-03,0,0,0,0,2,0,0,0,2,0,2,0
9558,United States,Indiana,2020-08-04,0,0,0,0,2,0,0,0,2,0,2,0
9559,United States,Indiana,2020-08-05,0,0,0,0,2,0,0,0,2,0,2,0
9605,United States,Kansas,2020-08-01,0,0,0,4,0,0,0,0,2,0,0,0
9606,United States,Kansas,2020-08-02,0,0,0,4,0,0,0,0,2,0,0,0
9607,United States,Kansas,2020-08-03,0,0,0,4,0,0,0,0,2,0,0,0
9608,United States,Kansas,2020-08-04,0,0,0,4,0,0,0,0,2,0,0,0
9609,United States,Kansas,2020-08-05,0,0,0,4,0,0,0,0,2,0,0,0
9655,United States,Kentucky,2020-08-01,3,0,2,0,0,0,0,0,2,0,0,0
9656,United States,Kentucky,2020-08-02,3,0,2,0,0,0,0,0,2,0,0,0
9657,United States,Kentucky,2020-08-03,3,0,2,0,0,0,0,0,2,0,0,0
9658,United States,Kentucky,2020-08-04,3,0,2,0,0,0,0,0,2,0,0,0
9659,United States,Kentucky,2020-08-05,3,0,2,0,0,0,0,0,2,0,0,0
9705,United States,Louisiana,2020-08-01,0,0,0,0,0,3,2,0,0,0,0,0
9706,United States,Louisiana,2020-08-02,0,0,0,0,0,3,2,0,0,0,0,0
9707,United States,Louisiana,2020-08-03,0,0,0,0,0,3,2,0,0,0,0,0
9708,United States,Louisiana,2020-08-04,0,0,0,0,0,3,2,0,0,0,0,0
9709,United States,Louisiana,2020-08-05,0,0,0,0,0,3,2,0,0,0,0,0
9755,United States,Massachusetts,2020-08-01,0,0,0,0,0,0,0,4,0,3,0,0
9756,United States,Massachusetts,2020-08-02,0,0,0,0,0,0,0,4,0,3,0,0
9757,United States,Massachusetts,2020-08-03,0,0,0,0,0,0,0,4,0,3,0,0
9758,United States,Massachusetts,2020-08-04,0,0,0,0,0,0,0,4,0,3,0,0
9759,United States,Massachusetts,2020-08-05,0,0,0,0,0,0,0,4,0,3,0,0
9805,United States,Maryland,2020-08-01,3,0,0,0,2,0,0,0,0,0,0,0
9806,United States,Maryland,2020-08-02,3,0,0,0,2,0,0,0,0,0,0,0
9807,United States,Maryland,2020-08-03,3,0,0,0,2,0,0,0,0,0,0,0
9808,United States,Maryland,2020-08-04,3,0,0,0,2,0,0,0,0,0,0,0
9809,United States,Maryland,2020-08-05,3,0,0,0,2,0,0,0,0,0,0,0
9855,United States,Maine,2020-08-01,3,0,0,0,0,0,0,0,0,0,0,4
9856,United States,Maine,2020-08-02,3,0,0,0,0,0,0,0,0,0,0,4
9857,United States,Maine,2020-08-03,3,0,0,0,0,0,0,0,0,0,0,4
9858,United States,Maine,2020-08-04,3,0,0,0,0,0,0,0,0,0,0,4
9859,United States,Maine,2020-08-05,3,0,0,0,0,0,0,0,0,0,0,4
9905,United States,Michigan,2020-08-01,0,0,0,0,2,3,0,0,0,0,0,0
9906,United States,Michigan,2020-08-02,0,0,0,0,2,3,0,0,0,0,0,0
9907,United States,Michigan,2020-08-03,0,0,0,0,2,3,0,0,0,0,0,0
9908,United States,Michigan,2020-08-04,0,0,0,0,2,3,0,0,0,0,0,0
9909,United States,Michigan,2020-08-05,0,0,0,0,2,3,0,0,0,0,0,0
9955,United States,Minnesota,2020-08-01,0,0,0,0,0,0,0,4,2,0,0,0
9956,United States,Minnesota,2020-08-02,0,0,0,0,0,0,0,4,2,0,0,0
9957,United States,Minnesota,2020-08-03,0,0,0,0,0,0,0,4,2,0,0,0
9958,United States,Minnesota,2020-08-04,0,0,0,0,0,0,0,4,2,0,0,0
9959,United States,Minnesota,2020-08-05,0,0,0,0,0,0,0,4,2,0,0,0
10005,United States,Missouri,2020-08-01,0,0,0,0,2,0,0,0,0,0,2,0
10006,United States,Missouri,2020-08-02,0,0,0,0,2,0,0,0,0,0,2,0
10007,United States,Missouri,2020-08-03,0,0,0,0,2,0,0,0,0,0,2,0
10008,United States,Missouri,2020-08-04,0,0,0,0,2,0,0,0,0,0,2,0
10009,United States,Missouri,2020-08-05,0,0,0,0,2,0,0,0,0,0,2,0
10055,United States,Mississippi,2020-08-01,0,0,0,4,0,0,0,4,0,0,0,0
10056,United States,Mississippi,2020-08-02,0,0,0,4,0,0,0,4,0,0,0,0
10057,United States,Mississippi,2020-08-03,0,0,0,4,0,0,0,4,0,0,0,0
10058,United States,Mississippi,2020-08-04,0,0,0,4,0,0,0,4,0,0,0,0
10059,United States,Mississippi,2020-08-05,0,0,0,4,0,0,0,4,0,0,0,0
10105,United States,Montana,2020-08-01,0,3,0,0,0,0,0,0,0,0,0,4
10106,United States,Montana,2020-08-02,0,3,0,0,0,0,0,0,0,0,0,4
10107,United States,Montana,2020-08-03,0,3,0,0,0,0,0,0,0,0,0,4
10108,United States,Montana,2020-08-04,0,3,0,0,0,0,0,0,0,0,0,4
10109,United States,Montana,2020-08-05,0,3,0,0,0,0,0,0,0,0,0,4
10155,United States,North Carolina,2020-08-01,0,0,0,0,0,0,2,4,0,0,0,0
10156,United States,North Carolina,2020-08-02,0,0,0,0,0,0,2,4,0,0,0,0
10157,United States,North Carolina,2020-08-03,0,0,0,0,0,0,2,4,0,0,0,0
10158,United States,North Carolina,2020-08-04,0,0,0,0,0,0,2,4,0,0,0,0
10159,United States,North Carolina,2020-08-05,0,0,0,0,0,0,2,4,0,0,0,0
10205,United States,North Dakota,2020-08-01,0,0,2,0,0,0,0,4,0,0,0,0
10206,United States,North Dakota,2020-08-02,0,0,2,0,0,0,0,4,0,0,0,0
10207,United States,North Dakota,2020-08-03,0,0,2,0,0,0,0,4,0,0,0,0
10208,United States,North Dakota,2020-08-04,0,0,2,0,0,0,0,4,0,0,0,0
10209,United States,North Dakota,2020-08-05,0,0,2,0,0,0,0,4,0,0,0,0
10255,United States,Nebraska,2020-08-01,0,0,0,4,0,0,0,0,0,3,0,0
10256,United States,Nebraska,2020-08-02,0,0,0,4,0,0,0,0,0,3,0,0
10257,United States,Nebraska,2020-08-03,0,0,0,4,0,0,0,0,0,3,0,0
10258,United States,Nebraska,2020-08-04,0,0,0,4,0,0,0,0,0,3,0,0
10259,United States,Nebraska,2020-08-05,0,0,0,4,0,0,0,0,0,3,0,0
10305,United States,New Hampshire,2020-08-01,0,0,0,0,0,3,0,0,0,0,0,4
10306,United States,New Hampshire,2020-08-02,0,0,0,0,0,3,0,0,0,0,0,4
10307,United States,New Hampshire,2020-08-03,0,0,0,0,0,3,0,0,0,0,0,4
10308,United States,New Hampshire,2020-08-04,0,0,0,0,0,3,0,0,0,0,0,4
10309,United States,New Hampshire,2020-08-05,0,0,0,0,0,3,0,0,0,0,0,4
10355,United States,New Jersey,2020-08-01,0,3,0,0,0,0,0,0,2,0,0,0
10356,United States,New Jersey,2020-08-02,0,3,0,0,0,0,0,0,2,0,0,0
10357,United States,New Jersey,2020-08-03,0,3,0,0,0,0,0,0,2,0,0,0
10358,United States,New Jersey,2020-08-04,0,3,0,0,0,0,0,0,2,0,0,0
10359,United States,New Jersey,2020-08-05,0,3,0,0,0,0,0,0,2,0,0,0
10405,United States,New Mexico,2020-08-01,0,0,0,0,0,3,0,0,0,0,2,0
10406,United States,New Mexico,2020-08-02,0,0,0,0,0,3,0,0,0,0,2,0
10407,United States,New Mexico,2020-08-03,0,0,0,0,0,3,0,0,0,0,2,0
10408,United States,New Mexico,2020-08-04,0,0,0,0,0,3,0,0,0,0,2,0
10409,United States,New Mexico,2020-08-05,0,0,0,0,0,3,0,0,0,0,2,0
10455,United States,Nevada,2020-08-01,0,0,0,4,0,0,0,0,0,3,0,0
10456,United States,Nevada,2020-08-02,0,0,0,4,0,0,0,0,0,3,0,0
10457,United States,Nevada,2020-08-03,0,0,0,4,0,0,0,0,0,3,0,0
10458,United States,Nevada,2020-08-04,0,0,0,4,0,0,0,0,0,3,0,0
10459,United States,Nevada,2020-08-05,0,0,0,4,0,0,0,0,0,3,0,0
10505,United States,New York,2020-08-01,0,0,0,0,2,0,0,0,0,0,0,4
10506,United States,New York,2020-08-02,0,0,0,0,2,0,0,0,0,0,0,4
10507,United States,New York,2020-08-03,0,0,0,0,2,0,0,0,0,0,0,4
10508,United States,New York,2020-08-04,0,0,0,0,2,0,0,0,0,0,0,4
10509,United States,New York,2020-08-05,0,0,0,0,2,0,0,0,0,0,0,4
10555,United States,Ohio,2020-08-01,0,3,0,0,0,3,0,0,0,0,0,0
10556,United States,Ohio,2020-08-02,0,3,0,0,0,3,0,0,0,0,0,0
10557,United States,Ohio,2020-08-03,0,3,0,0,0,3,0,0,0,0,0,0
10558,United States,Ohio,2020-08-04,0,3,0,0,0,3,0,0,0,0,0,0
10559,United States,Ohio,2020-08-05,0,3,0,0,0,3,0,0,0,0,0,0
10605,United States,Oklahoma,2020-08-01,0,0,0,0,0,3,0,0,2,0,0,0
10606,United States,Oklahoma,2020-08-02,0,0,0,0,0,3,0,0,2,0,0,0
10607,United States,Oklahoma,2020-08-03,0,0,0,0,0,3,0,0,2,0,0,0
10608,United States,Oklahoma,2020-08-04,0,0,0,0,0,3,0,0,2,0,0,0
10609,United States,Oklahoma,2020-08-05,0,0,0,0,0,3,0,0,2,0,0,0
10655,United States,Oregon,2020-08-01,0,0,0,0,2,3,0,0,0,0,0,0
10656,United States,Oregon,2020-08-02,0,0,0,0,2,3,0,0,0,0,0,0
10657,United States,Oregon,2020-08-03,0,0,0,0,2,3,0,0,0,0,0,0
10658,United States,Oregon,2020-08-04,0,0,0,0,2,3,0,0,0,0,0,0
10659,United States,Oregon,2020-08-05,0,0,0,0,2,3,0,0,0,0,0,0
10705,United States,Pennsylvania,2020-08-01,0,0,0,0,0,3,0,4,0,0,0,0
10706,United States,Pennsylvania,2020-08-02,0,0,0,0,0,3,0,4,0,0,0,0
10707,United States,Pennsylvania,2020-08-03,0,0,0,0,0,3,0,4,0,0,0,0
10708,United States,Pennsylvania,2020-08-04,0,0,0,0,0,3,0,4,0,0,0,0
10709,United States,Pennsylvania,2020-08-05,0,0,0,0,0,3,0,4,0,0,0,0
10755,United States,Rhode Island,2020-08-01,0,0,0,4,0,0,0,0,2,0,0,0
10756,United States,Rhode Island,2020-08-02,0,0,0,4,0,0,0,0,2,0,0,0
10757,United States,Rhode Island,2020-08-03,0,0,0,4,0,0,0,0,2,0,0,0
10758,United States,Rhode Island,2020-08-04,0,0,0,4,0,0,0,0,2,0,0,0
10759,United States,Rhode Island,2020-08-05,0,0,0,4,0,0,0,0,2,0,0,0
10805,United States,South Carolina,2020-08-01,0,0,0,0,0,0,0,0,2,0,0,4
10806,United States,South Carolina,2020-08-02,0,0,0,0,0,0,0,0,2,0,0,4
10807,United States,South Carolina,2020-08-03,0,0,0,0,0,0,0,0,2,0,0,4
10808,United States,South Carolina,2020-08-04,0,0,0,0,0,0,0,0,2,0,0,4
10809,United States,South Carolina,2020-08-05,0,0,0,0,0,0,0,0,2,0,0,4
10855,United States,South Dakota,2020-08-01,0,0,0,0,0,3,0,4,0,0,0,0
10856,United States,South Dakota,2020-08-02,0,0,0,0,0,3,0,4,0,0,0,0
10857,United States,South Dakota,2020-08-03,0,0,0,0,0,3,0,4,0,0,0,0
10858,United States,South Dakota,2020-08-04,0,0,0,0,0,3,0,4,0,0,0,0
10859,United States,South Dakota,2020-08-05,0,0,0,0,0,3,0,4,0,0,0,0
10905,United States,Tennessee,2020-08-01,0,0,0,4,0,0,0,4,0,0,0,0
10906,United States,Tennessee,2020-08-02,0,0,0,4,0,0,0,4,0,0,0,0
10907,United States,Tennessee,2020-08-03,0,0,0,4,0,0,0,4,0,0,0,0
10908,United States,Tennessee,2020-08-04,0,0,0,4,0,0,0,4,0,0,0,0
10909,United States,Tennessee,2020-08-05,0,0,0,4,0,0,0,4,0,0,0,0
10955,United States,Texas,2020-08-01,0,0,2,0,0,0,0,0,0,3,0,0
10956,United States,Texas,2020-08-02,0,0,2,0,0,0,0,0,0,3,0,0
10957,United States,Texas,2020-08-03,0,0,2,0,0,0,0,0,0,3,0,0
10958,United States,Texas,2020-08-04,0,0,2,0,0,0,0,0,0,3,0,0
10959,United States,Texas,2020-08-05,0,0,2,0,0,0,0,0,0,3,0,0
11005,United States,Utah,2020-08-01,0,0,0,0,0,0,0,0,0,3,0,4
11006,United States,Utah,2020-08-02,0,0,0,0,0,0,0,0,0,3,0,4
11007,United States,Utah,2020-08-03,0,0,0,0,0,0,0,0,0,3,0,4
11008,United States,Utah,2020-08-04,0,0,0,0,0,0,0,0,0,3,0,4
11009,United States,Utah,2020-08-05,0,0,0,0,0,0,0,0,0,3,0,4
11055,United States,Virginia,2020-08-01,0,3,2,0,0,0,0,0,0,3,0,0
11056,United States,Virginia,2020-08-02,0,3,2,0,0,0,0,0,0,3,0,0
11057,United States,Virginia,2020-08-03,0,3,2,0,0,0,0,0,0,3,0,0
11058,United States,Virginia,2020-08-04,0,3,2,0,0,0,0,0,0,3,0,0
11059,United States,Virginia,2020-08-05,0,3,2,0,0,0,0,0,0,3,0,0
11105,United States,Virgin Islands,2020-08-01,0,0,2,0,2,0,0,0,0,0,0,0
11106,United States,Virgin Islands,2020-08-02,0,0,2,0,2,0,0,0,0,0,0,0
11107,United States,Virgin Islands,2020-08-03,0,0,2,0,2,0,0,0,0,0,0,0
11108,United States,Virgin Islands,2020-08-04,0,0,2,0,2,0,0,0,0,0,0,0
11109,United States,Virgin Islands,2020-08-05,0,0,2,0,2,0,0,0,0,0,0,0
11155,United States,Vermont,2020-08-01,0,0,0,4,0,0,0,0,2,0,0,0
11156,United States,Vermont,2020-08-02,0,0,0,4,0,0,0,0,2,0,0,0
11157,United States,Vermont,2020-08-03,0,0,0,4,0,0,0,0,2,0,0,0
11158,United States,Vermont,2020-08-04,0,0,0,4,0,0,0,0,2,0,0,0
11159,United States,Vermont,2020-08-05,0,0,0,4,0,0,0,0,2,0,0,0
11205,United States,Washington,2020-08-01,0,0,0,4,0,0,0,0,0,0,0,4
11206,United States,Washington,2020-08-02,0,0,0,4,0,0,0,0,0,0,0,4
11207,United States,Washington,2020-08-03,0,0,0,4,0,0,0,0,0,0,0,4
11208,United States,Washington,2020-08-04,0,0,0,4,0,0,0,0,0,0,0,4
11209,United States,Washington,2020-08-05,0,0,0,4,0,0,0,0,0,0,0,4
11255,United States,Wisconsin,2020-08-01,0,0,0,4,0,3,0,0,0,0,0,0
11256,United States,Wisconsin,2020-08-02,0,0,0,4,0,3,0,0,0,0,0,0
11257,United States,Wisconsin,2020-08-03,0,0,0,4,0,3,0,0,0,0,0,0
11258,United States,Wisconsin,2020-08-04,0,0,0,4,0,3,0,0,0,0,0,0
11259,United States,Wisconsin,2020-08-05,0,0,0,4,0,3,0,0,0,0,0,0
11305,United States,West Virginia,2020-08-01,3,0,0,0,0,0,0,0,0,0,2,0
11306,United States,West Virginia,2020-08-02,3,0,0,0,0,0,0,0,0,0,2,0
11307,United States,West Virginia,2020-08-03,3,0,0,0,0,0,0,0,0,0,2,0
11308,United States,West Virginia,2020-08-04,3,0,0,0,0,0,0,0,0,0,2,0
11309,United States,West Virginia,2020-08-05,3,0,0,0,0,0,0,0,0,0,2,0
11355,United States,Wyoming,2020-08-01,3,0,0,0,0,0,2,0,0,0,0,0
11356,United States,Wyoming,2020-08-02,3,0,0,0,0,0,2,0,0,0,0,0
11357,United States,Wyoming,2020-08-03,3,0,0,0,0,0,2,0,0,0,0,0
11358,United States,Wyoming,2020-08-04,3,0,0,0,0,0,2,0,0,0,0,0
11359,United States,Wyoming,2020-08-05,3,0,0,0,0,0,2,0,0,0,0,0
11405,Uzbekistan,,2020-08-01,0,0,0,0,0,3,2,0,0,0,2,0
11406,Uzbekistan,,2020-08-02,0,0,0,0,0,3,2,0,0,0,2,0
11407,Uzbekistan,,2020-08-03,0,0,0,0,0,3,2,0,0,0,2,0
11408,Uzbekistan,,2020-08-04,0,0,0,0,0,3,2,0,0,0,2,0
11409,Uzbekistan,,2020-08-05,0,0,0,0,0,3,2,0,0,0,2,0
11455,Venezuela,,2020-08-01,3,0,0,0,0,0,0,4,0,0,0,0
11456,Venezuela,,2020-08-02,3,0,0,0,0,0,0,4,0,0,0,0
11457,Venezuela,,2020-08-03,3,0,0,0,0,0,0,4,0,0,0,0
11458,Venezuela,,2020-08-04,3,0,0,0,0,0,0,4,0,0,0,0
11459,Venezuela,,2020-08-05,3,0,0,0,0,0,0,4,0,0,0,0
11505,Vietnam,,2020-08-01,0,0,0,0,0,0,2,0,0,0,2,0
11506,Vietnam,,2020-08-02,0,0,0,0,0,0,2,0,0,0,2,0
11507,Vietnam,,2020-08-03,0,0,0,0,0,0,2,0,0,0,2,0
11508,Vietnam,,2020-08-04,0,0,0,0,0,0,2,0,0,0,2,0
11509,Vietnam,,2020-08-05,0,0,0,0,0,0,2,0,0,0,2,0
11555,Vanuatu,,2020-08-01,0,0,0,4,0,3,0,0,0,0,0,0
11556,Vanuatu,,2020-08-02,0,0,0,4,0,3,0,0,0,0,0,0
11557,Vanuatu,,2020-08-03,0,0,0,4,0,3,0,0,0,0,0,0
11558,Vanuatu,,2020-08-04,0,0,0,4,0,3,0,0,0,0,0,0
11559,Vanuatu,,2020-08-05,0,0,0,4,0,3,0,0,0,0,0,0
11605,Yemen,,2020-08-01,0,0,0,0,2,0,0,4,0,0,0,0
11606,Yemen,,2020-08-02,0,0,0,0,2,0,0,4,0,0,0,0
11607,Yemen,,2020-08-03,0,0,0,0,2,0,0,4,0,0,0,0
11608,Yemen,,2020-08-04,0,0,0,0,2,0,0,4,0,0,0,0
11609,Yemen,,2020-08-05,0,0,0,0,2,0,0,4,0,0,0,0
11655,South Africa,,2020-08-01,0,0,0,0,0,3,0,4,0,0,0,0
11656,South Africa,,2020-08-02,0,0,0,0,0,3,0,4,0,0,0,0
11657,South Africa,,2020-08-03,0,0,0,0,0,3,0,4,0,0,0,0
11658,South Africa,,2020-08-04,0,0,0,0,0,3,0,4,0,0,0,0
11659,South Africa,,2020-08-05,0,0,0,0,0,3,0,4,0,0,0,0
11705,Zambia,,2020-08-01,0,0,0,0,0,0,0,4,0,0,2,0
11706,Zambia,,2020-08-02,0,0,0,0,0,0,0,4,0,0,2,0
11707,Zambia,,2020-08-03,0,0,0,0,0,0,0,4,0,0,2,0
11708,Zambia,,2020-08-04,0,0,0,0,0,0,0,4,0,0,2,0
11709,Zambia,,2020-08-05,0,0,0,0,0,0,0,4,0,0,2,0
11755,Zimbabwe,,2020-08-01,0,0,0,0,0,0,0,4,2,0,0,0
11756,Zimbabwe,,2020-08-02,0,0,0,0,0,0,0,4,2,0,0,0
11757,Zimbabwe,,2020-08-03,0,0,0,0,0,0,0,4,2,0,0,0
11758,Zimbabwe,,2020-08-04,0,0,0,0,0,0,0,4,2,0,0,0
11759,Zimbabwe,,2020-08-05,0,0,0,0,0,0,0,4,2,0,0,0
