CountryName,RegionName,Date,PredictedDailyNewCases
Aruba,,2020-08-01,0.0
Aruba,,2020-08-02,1.8942086594635512
Aruba,,2020-08-03,0.0
Aruba,,2020-08-04,0.0
Afghanistan,,2020-08-01,96.30950955227038
Afghanistan,,2020-08-02,5.69729118841844
Afghanistan,,2020-08-03,77.93904851248102
Afghanistan,,2020-08-04,140.47768153999263
Angola,,2020-08-01,46.18447115696239
Angola,,2020-08-02,72.7754383065016
Angola,,2020-08-03,29.25468153701354
Angola,,2020-08-04,0.0
Albania,,2020-08-01,541.996061796495
Albania,,2020-08-02,575.5586221200776
Albania,,2020-08-03,610.065032126993
Albania,,2020-08-04,480.4801734861871
Andorra,,2020-08-01,26.053626894231847
Andorra,,2020-08-02,16.013394000352772
Andorra,,2020-08-03,6.330505748354467
Andorra,,2020-08-04,8.852253737111113
United Arab Emirates,,2020-08-01,811.3265683704565
United Arab Emirates,,2020-08-02,831.2449886745308
United Arab Emirates,,2020-08-03,818.0515899039895
United Arab Emirates,,2020-08-04,698.6310754944543
Argentina,,2020-08-01,5622.217061715982
Argentina,,2020-08-02,5246.033192516604
Argentina,,2020-08-03,3219.937340303056
Argentina,,2020-08-04,1103.4243947890484
Australia,,2020-08-01,0.0
Australia,,2020-08-02,0.0
Australia,,2020-08-03,0.0
Australia,,2020-08-04,0.0
Austria,,2020-08-01,2655.070678391133
Austria,,2020-08-02,2702.4471499693686
Austria,,2020-08-03,2459.0120112766117
Austria,,2020-08-04,1745.8493033569498
Azerbaijan,,2020-08-01,2830.082450524634
Azerbaijan,,2020-08-02,3036.976640656867
Azerbaijan,,2020-08-03,3140.5598318643356
Azerbaijan,,2020-08-04,2502.9016552214034
Burundi,,2020-08-01,0.0
Burundi,,2020-08-02,7.295971464443765
Burundi,,2020-08-03,5.998041461326313
Burundi,,2020-08-04,16.652608680621647
Belgium,,2020-08-01,2278.9962231139702
Belgium,,2020-08-02,1692.618511400265
Belgium,,2020-08-03,2680.2786569139084
Belgium,,2020-08-04,1747.8177678809245
Benin,,2020-08-01,0.0
Benin,,2020-08-02,0.0
Benin,,2020-08-03,0.0
Benin,,2020-08-04,4.750677916903822
Burkina Faso,,2020-08-01,70.87798590991116
Burkina Faso,,2020-08-02,81.73708831139564
Burkina Faso,,2020-08-03,148.6773578260894
Burkina Faso,,2020-08-04,116.00769372863117
Bangladesh,,2020-08-01,1104.87141338811
Bangladesh,,2020-08-02,1118.2753325093627
Bangladesh,,2020-08-03,694.2046460138145
Bangladesh,,2020-08-04,672.5611252136878
Bulgaria,,2020-08-01,1790.8563917985987
Bulgaria,,2020-08-02,1474.6571364806264
Bulgaria,,2020-08-03,64.19940210399193
Bulgaria,,2020-08-04,0.0
Bahrain,,2020-08-01,84.84838592695668
Bahrain,,2020-08-02,99.98705110968055
Bahrain,,2020-08-03,74.89479859701126
Bahrain,,2020-08-04,72.97320009430842
Bahamas,,2020-08-01,0.0
Bahamas,,2020-08-02,20.70107589794408
Bahamas,,2020-08-03,11.03123770516579
Bahamas,,2020-08-04,18.145806175131572
Bosnia and Herzegovina,,2020-08-01,720.565943857443
Bosnia and Herzegovina,,2020-08-02,547.1691521253838
Bosnia and Herzegovina,,2020-08-03,487.034308748754
Bosnia and Herzegovina,,2020-08-04,110.7231979240868
Belarus,,2020-08-01,1321.5078480829966
Belarus,,2020-08-02,1495.5206051490145
Belarus,,2020-08-03,1532.326937115063
Belarus,,2020-08-04,1423.5585790210373
Belize,,2020-08-01,264.9289035068348
Belize,,2020-08-02,268.21066530849095
Belize,,2020-08-03,0.0
Belize,,2020-08-04,0.0
Bermuda,,2020-08-01,1.4892319176589428
Bermuda,,2020-08-02,10.272160688407194
Bermuda,,2020-08-03,0.0
Bermuda,,2020-08-04,10.919123649359396
Bolivia,,2020-08-01,241.2411406039507
Bolivia,,2020-08-02,232.61605607435632
Bolivia,,2020-08-03,166.21313977135605
Bolivia,,2020-08-04,80.58224932682043
Brazil,Acre,2020-08-01,80.55018039278437
Brazil,Acre,2020-08-02,0.0
Brazil,Acre,2020-08-03,0.0
Brazil,Acre,2020-08-04,0.0
Brazil,Alagoas,2020-08-01,178.5593375594357
Brazil,Alagoas,2020-08-02,59.61639491060147
Brazil,Alagoas,2020-08-03,36.749716820099486
Brazil,Alagoas,2020-08-04,68.40506304620462
Brazil,Amazonas,2020-08-01,539.7091978129515
Brazil,Amazonas,2020-08-02,56.90701435548934
Brazil,Amazonas,2020-08-03,0.0
Brazil,Amazonas,2020-08-04,0.0
Brazil,Amapa,2020-08-01,188.1504314254226
Brazil,Amapa,2020-08-02,0.0
Brazil,Amapa,2020-08-03,0.0
Brazil,Amapa,2020-08-04,0.0
Brazil,Bahia,2020-08-01,2297.5186460197415
Brazil,Bahia,2020-08-02,451.1249672682996
Brazil,Bahia,2020-08-03,10.012459634720983
Brazil,Bahia,2020-08-04,0.0
Brazil,Ceara,2020-08-01,566.9757023713528
Brazil,Ceara,2020-08-02,0.0
Brazil,Ceara,2020-08-03,0.0
Brazil,Ceara,2020-08-04,0.0
Brazil,Distrito Federal,2020-08-01,441.0608047034147
Brazil,Distrito Federal,2020-08-02,69.12981854032289
Brazil,Distrito Federal,2020-08-03,0.0
Brazil,Distrito Federal,2020-08-04,0.0
Brazil,Espirito Santo,2020-08-01,982.9874741413514
Brazil,Espirito Santo,2020-08-02,0.0
Brazil,Espirito Santo,2020-08-03,56.13862005489267
Brazil,Espirito Santo,2020-08-04,0.0
Brazil,Goias,2020-08-01,1284.9858471863304
Brazil,Goias,2020-08-02,228.921797599898
Brazil,Goias,2020-08-03,0.0
Brazil,Goias,2020-08-04,0.0
Brazil,Maranhao,2020-08-01,296.14315851138883
Brazil,Maranhao,2020-08-02,54.26605243854378
Brazil,Maranhao,2020-08-03,0.0
Brazil,Maranhao,2020-08-04,0.0
Brazil,Minas Gerais,2020-08-01,2871.0693922594364
Brazil,Minas Gerais,2020-08-02,633.039006524644
Brazil,Minas Gerais,2020-08-03,0.0
Brazil,Minas Gerais,2020-08-04,0.0
Brazil,Mato Grosso do Sul,2020-08-01,580.4366676545667
Brazil,Mato Grosso do Sul,2020-08-02,0.0
Brazil,Mato Grosso do Sul,2020-08-03,0.0
Brazil,Mato Grosso do Sul,2020-08-04,0.0
Brazil,Mato Grosso,2020-08-01,385.23162717432336
Brazil,Mato Grosso,2020-08-02,0.0
Brazil,Mato Grosso,2020-08-03,0.0
Brazil,Mato Grosso,2020-08-04,0.0
Brazil,Para,2020-08-01,677.3856117541636
Brazil,Para,2020-08-02,117.4022995582378
Brazil,Para,2020-08-03,0.0
Brazil,Para,2020-08-04,0.0
Brazil,Paraiba,2020-08-01,451.49247950700334
Brazil,Paraiba,2020-08-02,145.0656219147602
Brazil,Paraiba,2020-08-03,0.0
Brazil,Paraiba,2020-08-04,0.0
Brazil,Pernambuco,2020-08-01,557.17002025988
Brazil,Pernambuco,2020-08-02,0.0
Brazil,Pernambuco,2020-08-03,0.0
Brazil,Pernambuco,2020-08-04,0.0
Brazil,Piaui,2020-08-01,271.77127736226385
Brazil,Piaui,2020-08-02,0.0
Brazil,Piaui,2020-08-03,0.0
Brazil,Piaui,2020-08-04,0.0
Brazil,Parana,2020-08-01,2882.8130717297577
Brazil,Parana,2020-08-02,652.7413839986575
Brazil,Parana,2020-08-03,0.0
Brazil,Parana,2020-08-04,0.0
Brazil,Rio de Janeiro,2020-08-01,1693.8396648924506
Brazil,Rio de Janeiro,2020-08-02,0.0
Brazil,Rio de Janeiro,2020-08-03,0.0
Brazil,Rio de Janeiro,2020-08-04,0.0
Brazil,Rio Grande do Norte,2020-08-01,344.08756937986345
Brazil,Rio Grande do Norte,2020-08-02,0.0
Brazil,Rio Grande do Norte,2020-08-03,0.0
Brazil,Rio Grande do Norte,2020-08-04,0.0
Brazil,Rondonia,2020-08-01,297.3034443605349
Brazil,Rondonia,2020-08-02,0.0
Brazil,Rondonia,2020-08-03,0.0
Brazil,Rondonia,2020-08-04,34.20944494094638
Brazil,Roraima,2020-08-01,135.39523168804675
Brazil,Roraima,2020-08-02,0.0
Brazil,Roraima,2020-08-03,0.0
Brazil,Roraima,2020-08-04,0.0
Brazil,Rio Grande do Sul,2020-08-01,2716.220833441867
Brazil,Rio Grande do Sul,2020-08-02,120.19772883944626
Brazil,Rio Grande do Sul,2020-08-03,0.0
Brazil,Rio Grande do Sul,2020-08-04,0.0
Brazil,Santa Catarina,2020-08-01,2400.351770194927
Brazil,Santa Catarina,2020-08-02,0.0
Brazil,Santa Catarina,2020-08-03,0.0
Brazil,Santa Catarina,2020-08-04,0.0
Brazil,Sergipe,2020-08-01,231.3644353395289
Brazil,Sergipe,2020-08-02,169.55563287716893
Brazil,Sergipe,2020-08-03,0.0
Brazil,Sergipe,2020-08-04,373.2688941226255
Brazil,Sao Paulo,2020-08-01,4676.811268809506
Brazil,Sao Paulo,2020-08-02,0.0
Brazil,Sao Paulo,2020-08-03,0.0
Brazil,Sao Paulo,2020-08-04,0.0
Brazil,Tocantins,2020-08-01,169.1704158072902
Brazil,Tocantins,2020-08-02,0.0
Brazil,Tocantins,2020-08-03,0.0
Brazil,Tocantins,2020-08-04,0.0
Brazil,,2020-08-01,33146.50802374553
Brazil,,2020-08-02,32789.967652607425
Brazil,,2020-08-03,23009.336632542454
Brazil,,2020-08-04,7202.462386759208
Barbados,,2020-08-01,0.0
Barbados,,2020-08-02,0.0
Barbados,,2020-08-03,0.0
Barbados,,2020-08-04,0.0
Brunei,,2020-08-01,0.0
Brunei,,2020-08-02,5.098578622572527
Brunei,,2020-08-03,7.000426397777439
Brunei,,2020-08-04,15.138000086086379
Bhutan,,2020-08-01,0.0
Bhutan,,2020-08-02,0.0
Bhutan,,2020-08-03,0.0
Bhutan,,2020-08-04,0.0
Botswana,,2020-08-01,189.4894690324154
Botswana,,2020-08-02,113.09824855620906
Botswana,,2020-08-03,0.0
Botswana,,2020-08-04,53.722945135113754
Central African Republic,,2020-08-01,0.0
Central African Republic,,2020-08-02,0.0
Central African Republic,,2020-08-03,0.0
Central African Republic,,2020-08-04,0.0
Canada,,2020-08-01,4389.290017766595
Canada,,2020-08-02,4901.616065252775
Canada,,2020-08-03,4299.345623223367
Canada,,2020-08-04,4688.923323891165
Switzerland,,2020-08-01,3130.984424792423
Switzerland,,2020-08-02,2413.1922964201253
Switzerland,,2020-08-03,0.0
Switzerland,,2020-08-04,735.3585960594544
Chile,,2020-08-01,1244.2646213043654
Chile,,2020-08-02,1584.0491657578464
Chile,,2020-08-03,1683.9461781113855
Chile,,2020-08-04,1553.021737693854
China,,2020-08-01,0.0
China,,2020-08-02,0.0
China,,2020-08-03,0.0
China,,2020-08-04,0.0
Cote d'Ivoire,,2020-08-01,23.06831117891963
Cote d'Ivoire,,2020-08-02,34.421823259478444
Cote d'Ivoire,,2020-08-03,35.818899566826445
Cote d'Ivoire,,2020-08-04,41.058841546091486
Cameroon,,2020-08-01,31.10331758407328
Cameroon,,2020-08-02,160.3523734801558
Cameroon,,2020-08-03,0.0
Cameroon,,2020-08-04,2.593619961267848
Democratic Republic of Congo,,2020-08-01,86.61883312133051
Democratic Republic of Congo,,2020-08-02,95.40011025115211
Democratic Republic of Congo,,2020-08-03,82.33937083781342
Democratic Republic of Congo,,2020-08-04,48.199966950971756
Congo,,2020-08-01,0.0
Congo,,2020-08-02,30.33385030184672
Congo,,2020-08-03,0.0
Congo,,2020-08-04,0.0
Colombia,,2020-08-01,7107.630381272336
Colombia,,2020-08-02,7619.612246701777
Colombia,,2020-08-03,7029.58025428261
Colombia,,2020-08-04,6265.852778155645
Comoros,,2020-08-01,0.0
Comoros,,2020-08-02,9.589146194647453
Comoros,,2020-08-03,4.74731692233301
Comoros,,2020-08-04,9.86689590283318
Cape Verde,,2020-08-01,0.0
Cape Verde,,2020-08-02,10.534312235473983
Cape Verde,,2020-08-03,0.0
Cape Verde,,2020-08-04,0.0
Costa Rica,,2020-08-01,676.82796120949
Costa Rica,,2020-08-02,512.1023203748
Costa Rica,,2020-08-03,0.0
Costa Rica,,2020-08-04,116.09998440379294
Cuba,,2020-08-01,22.505420806194685
Cuba,,2020-08-02,42.25702360823053
Cuba,,2020-08-03,50.40765247814144
Cuba,,2020-08-04,41.13910158042025
Cyprus,,2020-08-01,246.83484844697375
Cyprus,,2020-08-02,282.6230111655033
Cyprus,,2020-08-03,491.36942444495577
Cyprus,,2020-08-04,326.27324211540406
Czech Republic,,2020-08-01,4321.808068687641
Czech Republic,,2020-08-02,4557.870608020693
Czech Republic,,2020-08-03,2385.289516272426
Czech Republic,,2020-08-04,168.10102397534314
Germany,,2020-08-01,23362.96689218752
Germany,,2020-08-02,17789.8047313867
Germany,,2020-08-03,11542.328116275989
Germany,,2020-08-04,3085.3332443657664
Djibouti,,2020-08-01,0.0
Djibouti,,2020-08-02,3.800061066455669
Djibouti,,2020-08-03,0.0
Djibouti,,2020-08-04,0.741386469812582
Dominica,,2020-08-01,0.0
Dominica,,2020-08-02,2.8310859940884434
Dominica,,2020-08-03,3.448068516877904
Dominica,,2020-08-04,10.279100048616161
Denmark,,2020-08-01,2270.472284279945
Denmark,,2020-08-02,2633.3270311496044
Denmark,,2020-08-03,2610.097969713493
Denmark,,2020-08-04,2215.632968939519
Dominican Republic,,2020-08-01,963.7986889845422
Dominican Republic,,2020-08-02,840.6453592351659
Dominican Republic,,2020-08-03,890.7473192636999
Dominican Republic,,2020-08-04,646.7630361039382
Algeria,,2020-08-01,272.9114643113064
Algeria,,2020-08-02,275.25587541434925
Algeria,,2020-08-03,240.78474165152087
Algeria,,2020-08-04,193.27380054322458
Ecuador,,2020-08-01,510.9120288201907
Ecuador,,2020-08-02,255.77109337132993
Ecuador,,2020-08-03,406.7348072527108
Ecuador,,2020-08-04,105.58308312245498
Egypt,,2020-08-01,338.1550880912465
Egypt,,2020-08-02,362.5209071052134
Egypt,,2020-08-03,347.23527693786974
Egypt,,2020-08-04,322.4699345087368
Eritrea,,2020-08-01,0.0
Eritrea,,2020-08-02,0.0
Eritrea,,2020-08-03,0.0
Eritrea,,2020-08-04,0.0
Spain,,2020-08-01,6537.205311081266
Spain,,2020-08-02,7121.027435267572
Spain,,2020-08-03,0.0
Spain,,2020-08-04,701.3741317409549
Estonia,,2020-08-01,367.8827722333525
Estonia,,2020-08-02,415.36167326221636
Estonia,,2020-08-03,408.9435261760495
Estonia,,2020-08-04,261.2669230061602
Ethiopia,,2020-08-01,344.8633594664187
Ethiopia,,2020-08-02,355.2935152078572
Ethiopia,,2020-08-03,321.3287657469582
Ethiopia,,2020-08-04,286.52767224602144
Finland,,2020-08-01,373.40296419716566
Finland,,2020-08-02,356.82355834873727
Finland,,2020-08-03,294.0689605458796
Finland,,2020-08-04,161.56014699102394
Fiji,,2020-08-01,0.0
Fiji,,2020-08-02,0.0
Fiji,,2020-08-03,0.0
Fiji,,2020-08-04,0.0
France,,2020-08-01,12201.652797887236
France,,2020-08-02,7836.8423870701345
France,,2020-08-03,8968.455060061431
France,,2020-08-04,9728.86849417007
Faeroe Islands,,2020-08-01,0.0
Faeroe Islands,,2020-08-02,1.2304041859624686
Faeroe Islands,,2020-08-03,1.202021163077183
Faeroe Islands,,2020-08-04,5.2999065317302945
Gabon,,2020-08-01,0.0
Gabon,,2020-08-02,2.108447646643901
Gabon,,2020-08-03,0.0
Gabon,,2020-08-04,0.0
United Kingdom,,2020-08-01,16322.651689782106
United Kingdom,,2020-08-02,18228.83102110392
United Kingdom,,2020-08-03,16665.792521131796
United Kingdom,,2020-08-04,14498.564770690038
United Kingdom,England,2020-08-01,5888.108896409872
United Kingdom,England,2020-08-02,4649.200694534018
United Kingdom,England,2020-08-03,2150.6349352388997
United Kingdom,England,2020-08-04,168.99045197759784
United Kingdom,Northern Ireland,2020-08-01,164.3725931915081
United Kingdom,Northern Ireland,2020-08-02,134.71324133217172
United Kingdom,Northern Ireland,2020-08-03,47.046427593163955
United Kingdom,Northern Ireland,2020-08-04,8.679164288097013
United Kingdom,Scotland,2020-08-01,265.6490427434541
United Kingdom,Scotland,2020-08-02,137.78077848971373
United Kingdom,Scotland,2020-08-03,0.0
United Kingdom,Scotland,2020-08-04,59.15586298595784
United Kingdom,Wales,2020-08-01,0.0
United Kingdom,Wales,2020-08-02,0.0
United Kingdom,Wales,2020-08-03,0.0
United Kingdom,Wales,2020-08-04,0.0
Georgia,,2020-08-01,2615.4005758023095
Georgia,,2020-08-02,2881.2673835812607
Georgia,,2020-08-03,2831.076976037923
Georgia,,2020-08-04,1704.2506312574938
Ghana,,2020-08-01,15.620424460265145
Ghana,,2020-08-02,96.42024023232139
Ghana,,2020-08-03,142.38675008444483
Ghana,,2020-08-04,70.57054027755345
Guinea,,2020-08-01,9.219298818824523
Guinea,,2020-08-02,0.0
Guinea,,2020-08-03,0.0
Guinea,,2020-08-04,0.0
Gambia,,2020-08-01,0.0
Gambia,,2020-08-02,1.6285053485076126
Gambia,,2020-08-03,5.50904902269399
Gambia,,2020-08-04,18.622247153387057
Greece,,2020-08-01,964.2341646212776
Greece,,2020-08-02,810.3437122784089
Greece,,2020-08-03,487.7489974571601
Greece,,2020-08-04,0.0
Greenland,,2020-08-01,0.0
Greenland,,2020-08-02,5.254520783755455
Greenland,,2020-08-03,0.7884719576572312
Greenland,,2020-08-04,6.829734419277814
Guatemala,,2020-08-01,454.5525837494501
Guatemala,,2020-08-02,435.60774163631896
Guatemala,,2020-08-03,271.5742881701184
Guatemala,,2020-08-04,0.0
Guam,,2020-08-01,0.0
Guam,,2020-08-02,0.0
Guam,,2020-08-03,0.0
Guam,,2020-08-04,0.0
Guyana,,2020-08-01,28.43640844662169
Guyana,,2020-08-02,20.474035199473132
Guyana,,2020-08-03,8.582095955245235
Guyana,,2020-08-04,0.0
Hong Kong,,2020-08-01,47.07032618670704
Hong Kong,,2020-08-02,34.90904351694662
Hong Kong,,2020-08-03,38.97139403375198
Hong Kong,,2020-08-04,34.64867165051244
Honduras,,2020-08-01,294.22231152816204
Honduras,,2020-08-02,136.0589645599066
Honduras,,2020-08-03,0.0
Honduras,,2020-08-04,252.26304046627726
Croatia,,2020-08-01,3163.8503422069894
Croatia,,2020-08-02,3205.2251943026463
Croatia,,2020-08-03,2641.0187103917233
Croatia,,2020-08-04,1433.8059547288358
Haiti,,2020-08-01,2.7762597401072737
Haiti,,2020-08-02,20.077904347758636
Haiti,,2020-08-03,0.0
Haiti,,2020-08-04,11.686545850287352
Hungary,,2020-08-01,3536.8312015169345
Hungary,,2020-08-02,4524.014617954163
Hungary,,2020-08-03,3651.8294157059786
Hungary,,2020-08-04,2966.7126871840896
Indonesia,,2020-08-01,4778.805489360316
Indonesia,,2020-08-02,5080.679132103436
Indonesia,,2020-08-03,4618.072192509504
Indonesia,,2020-08-04,4141.015099128219
India,,2020-08-01,19487.46569036096
India,,2020-08-02,20650.522985042826
India,,2020-08-03,20354.314125155863
India,,2020-08-04,15861.568088312219
Ireland,,2020-08-01,238.35468394194922
Ireland,,2020-08-02,237.03181885006475
Ireland,,2020-08-03,290.2709784295775
Ireland,,2020-08-04,310.5568160250587
Iran,,2020-08-01,5504.735882291553
Iran,,2020-08-02,5350.928222442685
Iran,,2020-08-03,4468.391444799617
Iran,,2020-08-04,3443.257437683934
Iraq,,2020-08-01,861.265042067555
Iraq,,2020-08-02,797.2792067776763
Iraq,,2020-08-03,453.78141782751715
Iraq,,2020-08-04,352.96934633241443
Iceland,,2020-08-01,0.0
Iceland,,2020-08-02,15.2270981779735
Iceland,,2020-08-03,8.728642142683803
Iceland,,2020-08-04,6.604872614617683
Israel,,2020-08-01,1137.0814065670843
Israel,,2020-08-02,983.4060982421586
Israel,,2020-08-03,1106.1896112616291
Israel,,2020-08-04,1004.8106130823303
Italy,,2020-08-01,14732.449374963933
Italy,,2020-08-02,17253.332428561
Italy,,2020-08-03,16368.310826093115
Italy,,2020-08-04,10817.69426550881
Jamaica,,2020-08-01,38.57688135375483
Jamaica,,2020-08-02,43.64419674279162
Jamaica,,2020-08-03,41.96581083729859
Jamaica,,2020-08-04,28.446064425697518
Jordan,,2020-08-01,1794.9065794584471
Jordan,,2020-08-02,1161.8908623457476
Jordan,,2020-08-03,665.3166355882065
Jordan,,2020-08-04,977.4111878644169
Japan,,2020-08-01,2168.2592206832287
Japan,,2020-08-02,2350.1036740899126
Japan,,2020-08-03,2182.074909591732
Japan,,2020-08-04,1489.8768953156625
Kazakhstan,,2020-08-01,641.0304901399645
Kazakhstan,,2020-08-02,649.3521550413157
Kazakhstan,,2020-08-03,614.4281053011769
Kazakhstan,,2020-08-04,400.59356961085143
Kenya,,2020-08-01,624.3117514413163
Kenya,,2020-08-02,633.8347521228877
Kenya,,2020-08-03,404.19899449758105
Kenya,,2020-08-04,80.91889208512814
Kyrgyz Republic,,2020-08-01,350.1826587441628
Kyrgyz Republic,,2020-08-02,212.51735742770046
Kyrgyz Republic,,2020-08-03,143.89151552437124
Kyrgyz Republic,,2020-08-04,364.1143860645884
Cambodia,,2020-08-01,0.0
Cambodia,,2020-08-02,0.0
Cambodia,,2020-08-03,0.0
Cambodia,,2020-08-04,0.0
South Korea,,2020-08-01,688.815781469583
South Korea,,2020-08-02,805.0416888408565
South Korea,,2020-08-03,709.7318161941243
South Korea,,2020-08-04,597.094529306831
Kuwait,,2020-08-01,155.99521980643783
Kuwait,,2020-08-02,184.66403464714097
Kuwait,,2020-08-03,131.83446112474923
Kuwait,,2020-08-04,55.0560808175084
Laos,,2020-08-01,0.0
Laos,,2020-08-02,1.078413228512753
Laos,,2020-08-03,0.0
Laos,,2020-08-04,6.298576015107711
Lebanon,,2020-08-01,1093.8153633022062
Lebanon,,2020-08-02,1184.1938455428058
Lebanon,,2020-08-03,879.753002921281
Lebanon,,2020-08-04,665.8211061752988
Liberia,,2020-08-01,0.0
Liberia,,2020-08-02,0.0
Liberia,,2020-08-03,0.0
Liberia,,2020-08-04,0.0
Libya,,2020-08-01,517.9110564281416
Libya,,2020-08-02,249.40982462702848
Libya,,2020-08-03,173.03588153242436
Libya,,2020-08-04,373.5997052161892
Sri Lanka,,2020-08-01,467.4948984544599
Sri Lanka,,2020-08-02,472.18430452555066
Sri Lanka,,2020-08-03,442.7129520809014
Sri Lanka,,2020-08-04,452.0649532831658
Lesotho,,2020-08-01,0.0
Lesotho,,2020-08-02,10.548592177127777
Lesotho,,2020-08-03,0.0
Lesotho,,2020-08-04,0.0
Lithuania,,2020-08-01,2556.056226612073
Lithuania,,2020-08-02,3097.887738732858
Lithuania,,2020-08-03,2379.9148663618644
Lithuania,,2020-08-04,1806.3371504668435
Luxembourg,,2020-08-01,635.1778842171827
Luxembourg,,2020-08-02,309.2787254214926
Luxembourg,,2020-08-03,0.0
Luxembourg,,2020-08-04,0.0
Latvia,,2020-08-01,620.8797412679169
Latvia,,2020-08-02,553.9701648362759
Latvia,,2020-08-03,466.0714564582079
Latvia,,2020-08-04,199.15602596019866
Macao,,2020-08-01,0.0
Macao,,2020-08-02,5.372165096963917
Macao,,2020-08-03,5.100981193409721
Macao,,2020-08-04,15.005094013972256
Morocco,,2020-08-01,2240.134449775793
Morocco,,2020-08-02,2033.6332395412794
Morocco,,2020-08-03,1797.3328183252675
Morocco,,2020-08-04,783.1902797026794
Monaco,,2020-08-01,0.0
Monaco,,2020-08-02,0.0
Monaco,,2020-08-03,0.0
Monaco,,2020-08-04,0.0
Moldova,,2020-08-01,1148.0197191133561
Moldova,,2020-08-02,1003.6072913339074
Moldova,,2020-08-03,889.868008042263
Moldova,,2020-08-04,342.1677737713238
Madagascar,,2020-08-01,0.0
Madagascar,,2020-08-02,4.928755774478397
Madagascar,,2020-08-03,25.069536983815773
Madagascar,,2020-08-04,0.0
Mexico,,2020-08-01,5352.137187510446
Mexico,,2020-08-02,7246.845393012287
Mexico,,2020-08-03,7810.846644815575
Mexico,,2020-08-04,5284.754932236708
Mali,,2020-08-01,23.871987391148167
Mali,,2020-08-02,25.8475712453667
Mali,,2020-08-03,63.22087168977005
Mali,,2020-08-04,47.527433215408365
Myanmar,,2020-08-01,842.3181896794756
Myanmar,,2020-08-02,878.9370166392359
Myanmar,,2020-08-03,823.1532652858434
Myanmar,,2020-08-04,617.5829721335158
Mongolia,,2020-08-01,0.0
Mongolia,,2020-08-02,4.050997230381822
Mongolia,,2020-08-03,0.0
Mongolia,,2020-08-04,6.3129004132512865
Mozambique,,2020-08-01,58.12910186148674
Mozambique,,2020-08-02,87.68294105387653
Mozambique,,2020-08-03,71.17210125901364
Mozambique,,2020-08-04,48.798492598560514
Mauritania,,2020-08-01,157.99066509711986
Mauritania,,2020-08-02,205.4740833038009
Mauritania,,2020-08-03,206.3965033801928
Mauritania,,2020-08-04,157.24329582143918
Mauritius,,2020-08-01,0.0
Mauritius,,2020-08-02,7.092948030800409
Mauritius,,2020-08-03,4.987281507491925
Mauritius,,2020-08-04,16.602200154982178
Malawi,,2020-08-01,0.0
Malawi,,2020-08-02,0.0
Malawi,,2020-08-03,0.0
Malawi,,2020-08-04,0.0
Malaysia,,2020-08-01,878.573506638327
Malaysia,,2020-08-02,1151.4379881492118
Malaysia,,2020-08-03,1255.9647150058145
Malaysia,,2020-08-04,929.4034401316187
Namibia,,2020-08-01,215.88087341166658
Namibia,,2020-08-02,226.09840996536974
Namibia,,2020-08-03,184.65706878655195
Namibia,,2020-08-04,154.2834556833468
Niger,,2020-08-01,10.09676790781684
Niger,,2020-08-02,26.35154734338872
Niger,,2020-08-03,38.118986750217985
Niger,,2020-08-04,48.7955999200205
Nigeria,,2020-08-01,470.4917193975944
Nigeria,,2020-08-02,496.8853918109118
Nigeria,,2020-08-03,425.92707553974566
Nigeria,,2020-08-04,270.31999951781967
Nicaragua,,2020-08-01,0.0
Nicaragua,,2020-08-02,0.0
Nicaragua,,2020-08-03,0.0
Nicaragua,,2020-08-04,7.255118621958804
Netherlands,,2020-08-01,6608.969035653689
Netherlands,,2020-08-02,7206.52482530323
Netherlands,,2020-08-03,7630.8635161227
Netherlands,,2020-08-04,7243.155963737158
Norway,,2020-08-01,232.102606274962
Norway,,2020-08-02,266.6995265781549
Norway,,2020-08-03,187.32151139963213
Norway,,2020-08-04,86.49444156107434
Nepal,,2020-08-01,1070.746173846849
Nepal,,2020-08-02,561.6893837623463
Nepal,,2020-08-03,426.2924572998065
Nepal,,2020-08-04,521.1772025487712
New Zealand,,2020-08-01,0.0
New Zealand,,2020-08-02,6.879446713233056
New Zealand,,2020-08-03,11.645979996010533
New Zealand,,2020-08-04,19.634132319553977
Oman,,2020-08-01,56.6942269679683
Oman,,2020-08-02,0.0
Oman,,2020-08-03,109.04450124551728
Oman,,2020-08-04,402.416732992626
Pakistan,,2020-08-01,1934.142374153987
Pakistan,,2020-08-02,2025.5064771231907
Pakistan,,2020-08-03,1963.7693066004358
Pakistan,,2020-08-04,1566.1971169420951
Panama,,2020-08-01,1922.937955313369
Panama,,2020-08-02,1995.7229573066397
Panama,,2020-08-03,2071.364899220966
Panama,,2020-08-04,1432.4814579579895
Peru,,2020-08-01,1045.0455875832622
Peru,,2020-08-02,2078.6269319948256
Peru,,2020-08-03,2515.3844112763795
Peru,,2020-08-04,1811.8068906773578
Philippines,,2020-08-01,659.1418413951119
Philippines,,2020-08-02,790.0521603802995
Philippines,,2020-08-03,977.1217527819999
Philippines,,2020-08-04,1149.9465984165395
Papua New Guinea,,2020-08-01,0.0
Papua New Guinea,,2020-08-02,8.995294518879868
Papua New Guinea,,2020-08-03,0.0
Papua New Guinea,,2020-08-04,8.269596498816224
Poland,,2020-08-01,7972.098887480723
Poland,,2020-08-02,8423.857745678097
Poland,,2020-08-03,7203.397018049319
Poland,,2020-08-04,3106.165147736348
Puerto Rico,,2020-08-01,387.89432248234755
Puerto Rico,,2020-08-02,927.2498562004039
Puerto Rico,,2020-08-03,734.785122558093
Puerto Rico,,2020-08-04,677.2278789162533
Portugal,,2020-08-01,3500.297822085273
Portugal,,2020-08-02,4254.18346715647
Portugal,,2020-08-03,3770.751895870495
Portugal,,2020-08-04,2839.789068927859
Paraguay,,2020-08-01,661.3245603663311
Paraguay,,2020-08-02,675.5663455310255
Paraguay,,2020-08-03,554.2054374987715
Paraguay,,2020-08-04,340.2355610121171
Palestine,,2020-08-01,1204.4018959248526
Palestine,,2020-08-02,1169.085637562755
Palestine,,2020-08-03,893.5329681967858
Palestine,,2020-08-04,678.850964065278
Qatar,,2020-08-01,95.42196418089645
Qatar,,2020-08-02,86.4786793112095
Qatar,,2020-08-03,61.506579471426434
Qatar,,2020-08-04,43.589539870196624
Kosovo,,2020-08-01,423.9753756662495
Kosovo,,2020-08-02,371.925038733509
Kosovo,,2020-08-03,650.7204329406313
Kosovo,,2020-08-04,617.771125509543
Romania,,2020-08-01,5688.014822130367
Romania,,2020-08-02,5843.750990221659
Romania,,2020-08-03,4932.070399067011
Romania,,2020-08-04,2806.7389251844984
Russia,,2020-08-01,18374.006889546286
Russia,,2020-08-02,21144.078526482328
Russia,,2020-08-03,20931.066390744374
Russia,,2020-08-04,19340.37424499773
Rwanda,,2020-08-01,58.863614586323386
Rwanda,,2020-08-02,46.421381739814656
Rwanda,,2020-08-03,53.933118245896125
Rwanda,,2020-08-04,52.87404905223983
Saudi Arabia,,2020-08-01,88.25980785143292
Saudi Arabia,,2020-08-02,90.25804288129261
Saudi Arabia,,2020-08-03,56.172642593989096
Saudi Arabia,,2020-08-04,25.37138518417354
Sudan,,2020-08-01,124.2889530282743
Sudan,,2020-08-02,230.62840667852055
Sudan,,2020-08-03,211.196992596908
Sudan,,2020-08-04,220.26767191780044
Senegal,,2020-08-01,52.83338976599081
Senegal,,2020-08-02,93.15807510175446
Senegal,,2020-08-03,91.91888365534498
Senegal,,2020-08-04,59.90258308056146
Singapore,,2020-08-01,0.0
Singapore,,2020-08-02,0.0
Singapore,,2020-08-03,0.0
Singapore,,2020-08-04,0.0
Solomon Islands,,2020-08-01,0.0
Solomon Islands,,2020-08-02,3.214381856803451
Solomon Islands,,2020-08-03,4.374309565639464
Solomon Islands,,2020-08-04,11.854790110912136
Sierra Leone,,2020-08-01,0.0
Sierra Leone,,2020-08-02,5.967500377906077
Sierra Leone,,2020-08-03,0.2622686602709692
Sierra Leone,,2020-08-04,5.589203275207263
El Salvador,,2020-08-01,0.0
El Salvador,,2020-08-02,279.1404982460776
El Salvador,,2020-08-03,298.5172162101184
El Salvador,,2020-08-04,0.0
San Marino,,2020-08-01,12.456637394057537
San Marino,,2020-08-02,20.282033766812056
San Marino,,2020-08-03,7.412077273199065
San Marino,,2020-08-04,0.0
Somalia,,2020-08-01,0.0
Somalia,,2020-08-02,0.0
Somalia,,2020-08-03,1.099933912023701
Somalia,,2020-08-04,13.859620045389851
Serbia,,2020-08-01,4299.921951714616
Serbia,,2020-08-02,3990.2161036431985
Serbia,,2020-08-03,3186.1089162440917
Serbia,,2020-08-04,1987.0056350641985
South Sudan,,2020-08-01,0.0
South Sudan,,2020-08-02,0.0
South Sudan,,2020-08-03,0.0
South Sudan,,2020-08-04,0.0
Suriname,,2020-08-01,0.0
Suriname,,2020-08-02,0.0
Suriname,,2020-08-03,0.0
Suriname,,2020-08-04,0.0
Slovak Republic,,2020-08-01,2169.9329860135326
Slovak Republic,,2020-08-02,2137.300988563402
Slovak Republic,,2020-08-03,2197.17115440694
Slovak Republic,,2020-08-04,847.8969796500385
Slovenia,,2020-08-01,1463.6447578488833
Slovenia,,2020-08-02,1160.5128358948239
Slovenia,,2020-08-03,857.7852521027366
Slovenia,,2020-08-04,191.64316757439616
Sweden,,2020-08-01,3897.700989652435
Sweden,,2020-08-02,1944.0184932494553
Sweden,,2020-08-03,0.0
Sweden,,2020-08-04,0.0
Eswatini,,2020-08-01,24.36483112962275
Eswatini,,2020-08-02,26.78592552404062
Eswatini,,2020-08-03,12.365556332264386
Eswatini,,2020-08-04,9.503287759444415
Seychelles,,2020-08-01,0.0
Seychelles,,2020-08-02,8.938445915914462
Seychelles,,2020-08-03,6.89926100398095
Seychelles,,2020-08-04,16.553501783555504
Syria,,2020-08-01,81.02395095157851
Syria,,2020-08-02,89.18030281925365
Syria,,2020-08-03,82.50080823069652
Syria,,2020-08-04,81.32241173855456
Chad,,2020-08-01,0.0
Chad,,2020-08-02,0.0
Chad,,2020-08-03,0.0
Chad,,2020-08-04,0.0
Togo,,2020-08-01,0.0
Togo,,2020-08-02,10.898369573045983
Togo,,2020-08-03,12.581425798479097
Togo,,2020-08-04,11.93427063416361
Thailand,,2020-08-01,0.0
Thailand,,2020-08-02,2.0432901046912733
Thailand,,2020-08-03,0.0
Thailand,,2020-08-04,4.395249357133457
Tajikistan,,2020-08-01,6.266177688553189
Tajikistan,,2020-08-02,6.782304973527632
Tajikistan,,2020-08-03,20.033875471883228
Tajikistan,,2020-08-04,22.003838518484315
Turkmenistan,,2020-08-01,0.0
Turkmenistan,,2020-08-02,1.3760601686709766
Turkmenistan,,2020-08-03,1.848215103584197
Turkmenistan,,2020-08-04,6.24647176538204
Timor-Leste,,2020-08-01,0.0
Timor-Leste,,2020-08-02,3.273367719408517
Timor-Leste,,2020-08-03,4.516155100695789
Timor-Leste,,2020-08-04,14.589882756053527
Trinidad and Tobago,,2020-08-01,0.0
Trinidad and Tobago,,2020-08-02,6.836611816649803
Trinidad and Tobago,,2020-08-03,4.739139140730185
Trinidad and Tobago,,2020-08-04,13.744666335335982
Tunisia,,2020-08-01,1100.5421852592685
Tunisia,,2020-08-02,938.9141719186471
Tunisia,,2020-08-03,1467.5972991933286
Tunisia,,2020-08-04,526.563334330222
Turkey,,2020-08-01,199597.27185456
Turkey,,2020-08-02,9169.242801161618
Turkey,,2020-08-03,50672.32988207708
Turkey,,2020-08-04,0.0
Taiwan,,2020-08-01,0.0
Taiwan,,2020-08-02,9.178643698312259
Taiwan,,2020-08-03,7.851107951982531
Taiwan,,2020-08-04,20.12959653274826
Tanzania,,2020-08-01,0.0
Tanzania,,2020-08-02,7.28258619691778
Tanzania,,2020-08-03,3.4379360879031893
Tanzania,,2020-08-04,9.936368041881963
Uganda,,2020-08-01,127.51259539414599
Uganda,,2020-08-02,286.95289746221346
Uganda,,2020-08-03,160.33637568820723
Uganda,,2020-08-04,0.0
Ukraine,,2020-08-01,8589.299546587206
Ukraine,,2020-08-02,9812.863940567715
Ukraine,,2020-08-03,8620.732808196197
Ukraine,,2020-08-04,4847.59070716486
Uruguay,,2020-08-01,288.05133141509884
Uruguay,,2020-08-02,315.70461729475977
Uruguay,,2020-08-03,351.22606659144645
Uruguay,,2020-08-04,344.20649269868596
United States,,2020-08-01,157715.5254400074
United States,,2020-08-02,171150.85211667366
United States,,2020-08-03,157072.11956673148
United States,,2020-08-04,119874.08251374585
United States,Alaska,2020-08-01,391.3156392813872
United States,Alaska,2020-08-02,387.8964660344088
United States,Alaska,2020-08-03,395.4182312568813
United States,Alaska,2020-08-04,357.4229406662441
United States,Alabama,2020-08-01,2843.9888267873625
United States,Alabama,2020-08-02,2237.9909000484067
United States,Alabama,2020-08-03,2104.553753221334
United States,Alabama,2020-08-04,1297.211920931041
United States,Arkansas,2020-08-01,1892.841796311132
United States,Arkansas,2020-08-02,1963.2938975123325
United States,Arkansas,2020-08-03,1338.7421455193812
United States,Arkansas,2020-08-04,665.8146984721009
United States,Arizona,2020-08-01,4642.517350927978
United States,Arizona,2020-08-02,5660.20442020039
United States,Arizona,2020-08-03,5213.663552072183
United States,Arizona,2020-08-04,4872.900595043885
United States,California,2020-08-01,23975.625515419495
United States,California,2020-08-02,26283.368139707203
United States,California,2020-08-03,27317.08098964152
United States,California,2020-08-04,24639.457847908427
United States,Colorado,2020-08-01,3074.9642520690036
United States,Colorado,2020-08-02,3393.09544821725
United States,Colorado,2020-08-03,2223.916497697108
United States,Colorado,2020-08-04,1402.6088898280054
United States,Connecticut,2020-08-01,1863.9854224892824
United States,Connecticut,2020-08-02,1875.942741953269
United States,Connecticut,2020-08-03,0.0
United States,Connecticut,2020-08-04,1156.9045096730483
United States,Washington DC,2020-08-01,187.6437372718422
United States,Washington DC,2020-08-02,271.03707223625764
United States,Washington DC,2020-08-03,249.97270669866901
United States,Washington DC,2020-08-04,176.68398336727373
United States,Delaware,2020-08-01,469.5656047526913
United States,Delaware,2020-08-02,787.1403929041453
United States,Delaware,2020-08-03,697.3532268983488
United States,Delaware,2020-08-04,511.3011339985702
United States,Florida,2020-08-01,8179.557045003823
United States,Florida,2020-08-02,9151.173095448677
United States,Florida,2020-08-03,8761.60680048655
United States,Florida,2020-08-04,5550.567290001505
United States,Georgia,2020-08-01,4995.856627486269
United States,Georgia,2020-08-02,4757.329918972843
United States,Georgia,2020-08-03,4645.841159569515
United States,Georgia,2020-08-04,2358.0891750242718
United States,Hawaii,2020-08-01,100.20188894805808
United States,Hawaii,2020-08-02,128.1587008328925
United States,Hawaii,2020-08-03,86.79973431643933
United States,Hawaii,2020-08-04,62.3463013714665
United States,Iowa,2020-08-01,1026.9981542647456
United States,Iowa,2020-08-02,550.9875917078102
United States,Iowa,2020-08-03,390.00541507469865
United States,Iowa,2020-08-04,0.0
United States,Idaho,2020-08-01,836.7299616941834
United States,Idaho,2020-08-02,904.8303783357094
United States,Idaho,2020-08-03,597.8503844502866
United States,Idaho,2020-08-04,107.73225385544063
United States,Illinois,2020-08-01,6614.582504837695
United States,Illinois,2020-08-02,6705.804136076006
United States,Illinois,2020-08-03,5320.790361974689
United States,Illinois,2020-08-04,3066.9530624048252
United States,Indiana,2020-08-01,5142.766697994618
United States,Indiana,2020-08-02,5622.942299386109
United States,Indiana,2020-08-03,4481.742984026497
United States,Indiana,2020-08-04,3460.0319161070356
United States,Kansas,2020-08-01,1452.344684650075
United States,Kansas,2020-08-02,1915.0524915796711
United States,Kansas,2020-08-03,0.0
United States,Kansas,2020-08-04,0.0
United States,Kentucky,2020-08-01,2452.0761361293944
United States,Kentucky,2020-08-02,2598.166891676934
United States,Kentucky,2020-08-03,2566.68901561531
United States,Kentucky,2020-08-04,1062.211921025953
United States,Louisiana,2020-08-01,1514.3804892052863
United States,Louisiana,2020-08-02,1362.1050178541705
United States,Louisiana,2020-08-03,1003.9732534770908
United States,Louisiana,2020-08-04,233.0789909575238
United States,Massachusetts,2020-08-01,4249.753377031994
United States,Massachusetts,2020-08-02,4518.76592405561
United States,Massachusetts,2020-08-03,4047.2635790194204
United States,Massachusetts,2020-08-04,2853.397354752406
United States,Maryland,2020-08-01,2112.0599041952623
United States,Maryland,2020-08-02,2382.3719536798276
United States,Maryland,2020-08-03,2458.120332233683
United States,Maryland,2020-08-04,1596.8448419296537
United States,Maine,2020-08-01,256.7718558359881
United States,Maine,2020-08-02,246.89717736577506
United States,Maine,2020-08-03,209.6486878109529
United States,Maine,2020-08-04,205.92051663528053
United States,Michigan,2020-08-01,2981.584685063648
United States,Michigan,2020-08-02,5841.9335254170755
United States,Michigan,2020-08-03,3511.9084563457586
United States,Michigan,2020-08-04,0.0
United States,Minnesota,2020-08-01,893.0647084641207
United States,Minnesota,2020-08-02,2034.8009075047814
United States,Minnesota,2020-08-03,3342.837651193489
United States,Minnesota,2020-08-04,3336.182441595619
United States,Missouri,2020-08-01,2416.285695545715
United States,Missouri,2020-08-02,2727.251939846763
United States,Missouri,2020-08-03,3406.132833839018
United States,Missouri,2020-08-04,2055.171206507314
United States,Mississippi,2020-08-01,1832.1695512510314
United States,Mississippi,2020-08-02,1871.3578705536786
United States,Mississippi,2020-08-03,1625.6206331065923
United States,Mississippi,2020-08-04,1115.4245570551152
United States,Montana,2020-08-01,366.87846713028347
United States,Montana,2020-08-02,361.54770935762156
United States,Montana,2020-08-03,429.5403987628153
United States,Montana,2020-08-04,130.38025892724409
United States,North Carolina,2020-08-01,4978.93304209048
United States,North Carolina,2020-08-02,5995.046980828506
United States,North Carolina,2020-08-03,5736.379721196181
United States,North Carolina,2020-08-04,4883.815721404261
United States,North Dakota,2020-08-01,175.6518623984136
United States,North Dakota,2020-08-02,384.7766851314119
United States,North Dakota,2020-08-03,0.0
United States,North Dakota,2020-08-04,0.0
United States,Nebraska,2020-08-01,1770.7150075604989
United States,Nebraska,2020-08-02,1102.4530579674451
United States,Nebraska,2020-08-03,348.61649267835696
United States,Nebraska,2020-08-04,182.01398488472495
United States,New Hampshire,2020-08-01,414.45077405148396
United States,New Hampshire,2020-08-02,634.1188093529211
United States,New Hampshire,2020-08-03,544.4139861122187
United States,New Hampshire,2020-08-04,522.7170475180842
United States,New Jersey,2020-08-01,3337.358411252707
United States,New Jersey,2020-08-02,3574.6138353264455
United States,New Jersey,2020-08-03,3814.953394819141
United States,New Jersey,2020-08-04,3037.576965972677
United States,New Mexico,2020-08-01,931.9967541562005
United States,New Mexico,2020-08-02,1536.7719583722378
United States,New Mexico,2020-08-03,1134.3502734120298
United States,New Mexico,2020-08-04,581.7763169271063
United States,Nevada,2020-08-01,1599.4306929574823
United States,Nevada,2020-08-02,2018.3318417149453
United States,Nevada,2020-08-03,1828.7637412073725
United States,Nevada,2020-08-04,1645.1197005904519
United States,New York,2020-08-01,8255.589672635146
United States,New York,2020-08-02,8995.902466387923
United States,New York,2020-08-03,8205.349919212
United States,New York,2020-08-04,6692.32913346493
United States,Ohio,2020-08-01,6650.7755122543995
United States,Ohio,2020-08-02,5846.143763638042
United States,Ohio,2020-08-03,7230.925009586505
United States,Ohio,2020-08-04,5787.5512554032875
United States,Oklahoma,2020-08-01,1785.4892671666385
United States,Oklahoma,2020-08-02,3104.298275213068
United States,Oklahoma,2020-08-03,4069.3746672406805
United States,Oklahoma,2020-08-04,3064.5770705829455
United States,Oregon,2020-08-01,845.6370812464286
United States,Oregon,2020-08-02,1105.2661648818964
United States,Oregon,2020-08-03,1326.1166091747268
United States,Oregon,2020-08-04,840.2459999814034
United States,Pennsylvania,2020-08-01,9895.184723507531
United States,Pennsylvania,2020-08-02,10109.558579206507
United States,Pennsylvania,2020-08-03,8281.67349019939
United States,Pennsylvania,2020-08-04,6701.417335286832
United States,Rhode Island,2020-08-01,634.778240418683
United States,Rhode Island,2020-08-02,771.9633884369632
United States,Rhode Island,2020-08-03,0.0
United States,Rhode Island,2020-08-04,363.42811705065566
United States,South Carolina,2020-08-01,2145.5440728538333
United States,South Carolina,2020-08-02,2914.2623487376018
United States,South Carolina,2020-08-03,3112.174543869041
United States,South Carolina,2020-08-04,2557.2458476717516
United States,South Dakota,2020-08-01,619.334940171766
United States,South Dakota,2020-08-02,619.7886691911235
United States,South Dakota,2020-08-03,556.1093976666996
United States,South Dakota,2020-08-04,211.31194694680522
United States,Tennessee,2020-08-01,5139.818538891096
United States,Tennessee,2020-08-02,6367.444223531495
United States,Tennessee,2020-08-03,6617.338956301176
United States,Tennessee,2020-08-04,7609.960020175904
United States,Texas,2020-08-01,11489.078964827888
United States,Texas,2020-08-02,7436.9519643443755
United States,Texas,2020-08-03,5835.237310887854
United States,Texas,2020-08-04,4865.069625369607
United States,Utah,2020-08-01,2236.036131072597
United States,Utah,2020-08-02,2586.2910901416312
United States,Utah,2020-08-03,2658.749301416738
United States,Utah,2020-08-04,1161.740536889049
United States,Virginia,2020-08-01,1996.0541941184615
United States,Virginia,2020-08-02,2437.3634544954007
United States,Virginia,2020-08-03,2879.49388556813
United States,Virginia,2020-08-04,2589.7060030752605
United States,Virgin Islands,2020-08-01,3.834842401668684
United States,Virgin Islands,2020-08-02,0.0
United States,Virgin Islands,2020-08-03,0.0
United States,Virgin Islands,2020-08-04,0.0
United States,Vermont,2020-08-01,105.3241847350999
United States,Vermont,2020-08-02,87.11715520007692
United States,Vermont,2020-08-03,56.30942612007867
United States,Vermont,2020-08-04,44.92830596580767
United States,Washington,2020-08-01,340.93533716233196
United States,Washington,2020-08-02,1000.6554183630137
United States,Washington,2020-08-03,1606.6751025403892
United States,Washington,2020-08-04,821.9971741908241
United States,Wisconsin,2020-08-01,3156.9464735160013
United States,Wisconsin,2020-08-02,2895.1317876786784
United States,Wisconsin,2020-08-03,2729.704552611835
United States,Wisconsin,2020-08-04,1516.748967777738
United States,West Virginia,2020-08-01,860.4887432848736
United States,West Virginia,2020-08-02,965.8611370652613
United States,West Virginia,2020-08-03,1027.931064566304
United States,West Virginia,2020-08-04,846.5003999666756
United States,Wyoming,2020-08-01,202.51872407330922
United States,Wyoming,2020-08-02,158.98821644792142
United States,Wyoming,2020-08-03,39.90965612635505
United States,Wyoming,2020-08-04,102.56307978275979
Uzbekistan,,2020-08-01,69.2919321973645
Uzbekistan,,2020-08-02,110.69137751679852
Uzbekistan,,2020-08-03,34.38859672801843
Uzbekistan,,2020-08-04,51.5359053786931
Venezuela,,2020-08-01,327.16817026908365
Venezuela,,2020-08-02,265.58887051805715
Venezuela,,2020-08-03,249.79470424300592
Venezuela,,2020-08-04,264.8749995245108
United States Virgin Islands,,2020-08-01,3.834842401668684
United States Virgin Islands,,2020-08-02,15.38225818762584
United States Virgin Islands,,2020-08-03,5.6552863754917295
United States Virgin Islands,,2020-08-04,11.210089431220403
Vietnam,,2020-08-01,0.0
Vietnam,,2020-08-02,0.0
Vietnam,,2020-08-03,0.0
Vietnam,,2020-08-04,0.0
Vanuatu,,2020-08-01,0.0
Vanuatu,,2020-08-02,0.0
Vanuatu,,2020-08-03,0.0
Vanuatu,,2020-08-04,0.0
Yemen,,2020-08-01,0.0
Yemen,,2020-08-02,37.83178887385775
Yemen,,2020-08-03,31.60860371105039
Yemen,,2020-08-04,5.146582306174022
South Africa,,2020-08-01,6496.856044713934
South Africa,,2020-08-02,6709.904384218257
South Africa,,2020-08-03,6448.740034837274
South Africa,,2020-08-04,5000.057029115057
Zambia,,2020-08-01,36.942342413793256
Zambia,,2020-08-02,65.48026429525007
Zambia,,2020-08-03,42.21892422306775
Zambia,,2020-08-04,27.63795241277228
Zimbabwe,,2020-08-01,46.460657476978305
Zimbabwe,,2020-08-02,88.1736562023016
Zimbabwe,,2020-08-03,0.0
Zimbabwe,,2020-08-04,0.0
