CountryName,CountryCode,Population,Population Density (# per km2),Urban population (% of total population),Population ages 65 and above (% of total population),GDP per capita (current US$),Obesity Rate (%),Cancer Rate (%),Share of Deaths from Smoking (%),Pneumonia Death Rate (per 100K),Share of Deaths from Air Pollution (%),CO2 emissions (metric tons per capita),Air transport (# carrier departures worldwide),0-14_fraction%,0-14_male,0-14_female,15-24_fraction%,15-24_male,15-24_female,25-54_fraction%,25-54_male,25-54_female,55-64_fraction%,55-64_male,55-64_female,65+_fraction%,65+_male,65+_female
Afghanistan,AFG,38928346,56.93776001,25.495,2.58492694,520.8966027,5.5,0.5290792320000001,4.08,69.13071516,11.5,0.29394640699999997,24433.446,40.62,7562703.0,7321646.0,21.26,3960044.0,3828670.0,31.44,5858675.0,5661887.0,4.01,724597.0,744910.0,2.68,451852.0,528831.0
Albania,ALB,2877797,104.6122628,60.318999999999996,13.74473591,5268.848504,21.7,1.152906741,19.11,12.1525875,7.53,1.9787633119999999,2935.0,17.6,284636.0,256474.0,15.39,246931.0,226318.0,42.04,622100.0,670307.0,11.94,178419.0,188783.0,13.03,186335.0,214276.0
Algeria,DZA,43851044,17.73007507,72.62899999999999,6.362496545,4114.715061,27.4,0.581716794,11.08,15.52482374,7.87,3.735520147,77463.0,29.58,6509490.0,6201450.0,13.93,3063972.0,2922368.0,42.91,9345997.0,9091558.0,7.41,1599369.0,1585233.0,6.17,1252084.0,1401357.0
Andorra,AND,77265,163.8425532,88.06200000000001,0.0,42029.76274,25.6,2.409174488,14.25,18.12108169,4.17,5.832906215,0.0,13.37,5901.0,5551.0,10.16,4474.0,4227.0,43.19,18857.0,18131.0,15.91,7184.0,6443.0,17.36,7544.0,7323.0
Angola,AGO,32866272,,,,,8.2,0.424512079,4.78,92.2164421,5.82,,,47.83,7758636.0,7797869.0,18.64,2950999.0,3109741.0,27.8,4301618.0,4740463.0,3.43,523517.0,591249.0,2.3,312197.0,436050.0
Argentina,ARG,45195774,16.2585101,91.87,11.11778888,11683.94962,28.3,1.176868831,15.61,56.33369413,5.12,4.781507775,161688.0,24.02,5629188.0,5294723.0,15.19,3539021.0,3367321.0,39.6,9005758.0,9002931.0,9.07,2000536.0,2122699.0,12.13,2331679.0,3185262.0
Aruba,ABW,106766,,,,,,,,,,,,17.55,10524.0,10437.0,12.06,7231.0,7175.0,40.54,23387.0,25029.0,14.79,8285.0,9383.0,15.05,7064.0,10913.0
Australia,AUS,25499884,3.249129487,86.012,15.65647523,57373.68667999999,29.0,3.042002085,12.62,9.071138937,2.86,15.38876602,665384.0,18.72,2457418.0,2309706.0,12.89,1710253.0,1572794.0,41.15,5224840.0,5255041.0,11.35,1395844.0,1495806.0,15.88,1866761.0,2177996.0
Austria,AUT,9006398,107.2069267,58.297,19.00156646,51461.95478,20.1,2.228314728,14.13,4.587225585,4.29,6.86986793,130260.0,14.01,635803.0,605065.0,10.36,466921.0,451248.0,41.35,1831704.0,1831669.0,14.41,635342.0,641389.0,19.87,768687.0,991621.0
Azerbaijan,,10127874,,,,,,,,,,,,22.84,1235292.0,1095308.0,13.17,714718.0,629494.0,45.29,2291600.0,2330843.0,11.41,530046.0,634136.0,7.29,289604.0,454769.0
Bahamas,,385637,,,,,,,,,,,,,,,,,,,,,,,,,,
Bahrain,BHR,1701575,2017.2737,89.287,2.4263338780000003,24050.75751,29.8,0.642360539,9.89,18.80903443,12.23,23.45540632,57094.0,18.45,141039.0,136687.0,15.16,129310.0,98817.0,56.14,550135.0,294778.0,6.89,64761.0,38870.0,3.36,25799.0,24807.0
Bangladesh,BGD,164689383,1239.5793119999998,36.632,5.15839064,1698.262802,3.6,0.25418768399999997,10.23,32.49877942,13.83,0.47365761,101383.4657,26.48,21918651.0,21158574.0,18.56,15186470.0,15001950.0,40.72,31694267.0,34535643.0,7.41,5941825.0,6115856.0,6.82,5218206.0,5879411.0
Barbados,BRB,287375,666.6069767000001,31.147,15.80269396,17949.28151,23.1,1.502144362,6.05,38.73698576,6.18,4.467476521,0.0,17.49,25762.0,25764.0,12.34,18024.0,18330.0,42.69,62655.0,63093.0,13.91,19533.0,21430.0,13.57,16398.0,23571.0
Belarus,,9408400,,,,,,,,,,,,16.09,784231.0,740373.0,9.59,467393.0,441795.0,43.94,2058648.0,2105910.0,14.45,605330.0,763972.0,15.93,493055.0,1017211.0
Belgium,BEL,11589623,377.2149273,98.001,18.78874374,47518.63604,22.1,2.1299675209999998,18.44,19.68641753,4.57,8.328159898,140674.0,17.22,1033383.0,984624.0,11.2,670724.0,642145.0,39.23,2319777.0,2278450.0,13.14,764902.0,775454.0,19.21,988148.0,1263109.0
Belize,BLZ,397628,16.79399386,45.724,4.736458777,4884.742421,24.1,0.657790338,6.79,42.90143577,5.83,1.400941234,125681.6909,32.57,66454.0,63700.0,19.0,39238.0,36683.0,37.72,73440.0,77300.0,6.18,12235.0,12444.0,4.53,8781.0,9323.0
Benin,,12114193,,,,,,,,,,,,45.56,2955396.0,2906079.0,20.36,1300453.0,1318880.0,28.54,1735229.0,1935839.0,3.15,193548.0,211427.0,2.39,140513.0,167270.0
Bermuda,BMU,62278,1184.592572,100.0,0.0,85748.06541,,1.540409081,11.83,13.13177427,4.33,8.838314987999999,0.0,16.7,6053.0,5928.0,11.88,4290.0,4235.0,35.31,12758.0,12575.0,16.37,5560.0,6185.0,19.74,6032.0,8134.0
Bhutan,,748931,,,,,,,,,,,,24.52,98113.0,93740.0,17.77,70768.0,68211.0,44.72,184500.0,165374.0,6.39,26714.0,23280.0,6.6,26797.0,24821.0
Bolivia,BOL,11673021,10.48014585,69.425,7.191947392,3548.59014,20.2,0.660451291,6.03,65.03915155,6.4,1.90636432,56592.0,30.34,1799925.0,1731565.0,19.21,1133120.0,1103063.0,38.68,2212096.0,2289888.0,6.06,323210.0,382139.0,5.71,291368.0,373535.0
Bosnia and Herzegovina,BIH,3280819,64.92048828,48.245,16.47031747,6065.672708,17.9,1.280815425,22.92,7.1793614670000006,9.11,6.384938818999999,0.0,13.18,261430.0,244242.0,10.83,214319.0,201214.0,44.52,859509.0,848071.0,15.24,284415.0,300168.0,16.22,249624.0,372594.0
Botswana,BWA,2351627,3.977424876,69.446,4.223874346000001,8258.641666,18.9,0.53866266,6.33,58.98480094,5.77,3.3674513339999996,6774.0,30.54,357065.0,350550.0,18.31,208824.0,215462.0,39.67,434258.0,484922.0,5.92,59399.0,77886.0,5.56,53708.0,75159.0
Brazil,BRA,212559417,25.06171624,86.569,8.922837832,8920.762105,22.1,0.775327051,12.43,40.05188178,4.91,2.612933521,832683.0,21.11,22790634.0,21907018.0,16.06,17254363.0,16750581.0,43.83,46070240.0,46729640.0,9.78,9802995.0,10911140.0,9.21,8323344.0,11176018.0
Brazil / Acre,,881935,,,,,,,,,,,,,,,,,,,,,,,,,,
Brazil / Alagoas,,3337357,,,,,,,,,,,,,,,,,,,,,,,,,,
Brazil / Amapa,,845731,,,,,,,,,,,,,,,,,,,,,,,,,,
Brazil / Amazonas,,4144597,,,,,,,,,,,,,,,,,,,,,,,,,,
Brazil / Bahia,,14873064,,,,,,,,,,,,,,,,,,,,,,,,,,
Brazil / Ceara,,9132078,,,,,,,,,,,,,,,,,,,,,,,,,,
Brazil / Distrito Federal,,3015268,,,,,,,,,,,,,,,,,,,,,,,,,,
Brazil / Espirito Santo,,4018650,,,,,,,,,,,,,,,,,,,,,,,,,,
Brazil / Goias,,7018354,,,,,,,,,,,,,,,,,,,,,,,,,,
Brazil / Maranhao,,7075181,,,,,,,,,,,,,,,,,,,,,,,,,,
Brazil / Mato Grosso,,3484466,,,,,,,,,,,,,,,,,,,,,,,,,,
Brazil / Mato Grosso do Sul,,2778986,,,,,,,,,,,,,,,,,,,,,,,,,,
Brazil / Minas Gerais,,21168791,,,,,,,,,,,,,,,,,,,,,,,,,,
Brazil / Para,,8602865,,,,,,,,,,,,,,,,,,,,,,,,,,
Brazil / Paraiba,,4018127,,,,,,,,,,,,,,,,,,,,,,,,,,
Brazil / Parana,,11433957,,,,,,,,,,,,,,,,,,,,,,,,,,
Brazil / Pernambuco,,9557071,,,,,,,,,,,,,,,,,,,,,,,,,,
Brazil / Piaui,,3273227,,,,,,,,,,,,,,,,,,,,,,,,,,
Brazil / Rio Grande do Norte,,17264943,,,,,,,,,,,,,,,,,,,,,,,,,,
Brazil / Rio Grande do Sul,,3506853,,,,,,,,,,,,,,,,,,,,,,,,,,
Brazil / Rio de Janeiro,,11377239,,,,,,,,,,,,,,,,,,,,,,,,,,
Brazil / Rondonia,,1777225,,,,,,,,,,,,,,,,,,,,,,,,,,
Brazil / Roraima,,605761,,,,,,,,,,,,,,,,,,,,,,,,,,
Brazil / Santa Catarina,,7164788,,,,,,,,,,,,,,,,,,,,,,,,,,
Brazil / Sao Paulo,,45919049,,,,,,,,,,,,,,,,,,,,,,,,,,
Brazil / Sergipe,,2298696,,,,,,,,,,,,,,,,,,,,,,,,,,
Brazil / Tocantins,,1572866,,,,,,,,,,,,,,,,,,,,,,,,,,
Brunei,BRN,437479,81.39696395,77.62899999999999,4.873147568,31628.328789999996,14.1,2.287365627,15.27,39.96329111,2.79,22.229177899999996,11310.0,22.41,53653.0,50446.0,16.14,37394.0,37559.0,47.21,103991.0,115291.0,8.34,19159.0,19585.0,5.9,13333.0,14067.0
Bulgaria,BGR,6948445,,,,,25.0,1.659590404,18.86,12.95434144,7.14,,,14.52,520190.0,491506.0,9.4,340306.0,314241.0,42.87,1538593.0,1448080.0,13.15,433943.0,482474.0,20.06,562513.0,835053.0
Burkina Faso,BFA,20903273,,,,,5.6,0.454025222,1.83,126.8998112,8.33,,,43.58,4606350.0,4473951.0,20.33,2121012.0,2114213.0,29.36,2850621.0,3265926.0,3.57,321417.0,423016.0,3.16,284838.0,374057.0
Burundi,BDI,11890784,,,,,5.4,0.38755728100000003,3.34,121.52342859999999,7.96,,,43.83,2618868.0,2581597.0,19.76,1172858.0,1171966.0,29.18,1713985.0,1748167.0,4.17,231088.0,264131.0,3.06,155262.0,207899.0
Cambodia,,15288489,,,,,,,,,,,,30.18,2582427.0,2525619.0,17.28,1452784.0,1472769.0,41.51,3442051.0,3584592.0,6.44,476561.0,612706.0,4.59,287021.0,490454.0
Cameroon,CMR,26545863,53.34398891,56.373999999999995,2.728877355,1533.74214,11.4,0.440479926,2.74,116.0201175,6.95,0.308791722,5550.0,42.34,5927640.0,5820226.0,20.04,2782376.0,2776873.0,30.64,4191151.0,4309483.0,3.87,520771.0,552801.0,3.11,403420.0,460248.0
Canada,CAN,37742154,4.075308214,81.411,17.23200668,46232.98962,29.4,4.629727772,17.67,11.57868045,2.8,15.15892722,1475062.586,15.99,3094008.0,2931953.0,11.14,2167013.0,2032064.0,39.81,7527554.0,7478737.0,14.08,2624474.0,2682858.0,18.98,3274298.0,3881126.0
Cape Verde,,556857,,,,,,,,,,,,27.95,82010.0,81012.0,18.69,54521.0,54504.0,40.76,115811.0,121923.0,7.12,18939.0,22597.0,5.48,12037.0,19901.0
Central African Republic,,5633412,,,,,,,,,,,,39.49,1188682.0,1176958.0,19.89,598567.0,593075.0,32.95,988077.0,986019.0,4.32,123895.0,134829.0,3.35,78017.0,122736.0
Chad,TCD,16425864,12.29173364,23.059,2.480518944,728.3432353999999,6.1,0.378859336,1.13,148.4437073,9.77,0.053407242,0.0,47.43,4050505.0,3954413.0,19.77,1676495.0,1660417.0,27.14,2208181.0,2371490.0,3.24,239634.0,306477.0,2.43,176658.0,233087.0
Chile,CHL,19116201,25.18944607,87.564,11.52980166,15923.358740000001,28.0,1.237788506,9.26,19.76227628,5.05,4.6490622,134661.0,19.79,1836240.0,1763124.0,13.84,1283710.0,1233238.0,42.58,3882405.0,3860700.0,11.98,1034049.0,1145022.0,11.81,902392.0,1245890.0
China,CHN,1439323776,148.34883330000002,59.152,10.92088354,9770.847087999999,6.2,1.454289027,21.03,12.96889687,11.89,7.5439076410000006,4692008.0,17.29,129296339.0,111782427.0,11.48,86129841.0,73876148.0,46.81,333789731.0,318711557.0,12.08,84827645.0,83557507.0,12.34,81586490.0,90458292.0
Colombia,COL,50882891,44.74870212,80.778,8.47804702,6667.7907,22.3,0.8759537629999999,8.3,15.09932772,5.11,1.7903568269999999,358847.0,23.27,5853351.0,5567196.0,16.38,4098421.0,3939870.0,42.04,10270516.0,10365423.0,9.93,2307705.0,2566173.0,8.39,1725461.0,2390725.0
Comoros,,758316,,,,,,,,,,,,36.68,154853.0,155602.0,20.75,85208.0,90422.0,33.99,136484.0,151178.0,4.49,17237.0,20781.0,4.08,15437.0,19079.0
Congo,,5518092,,,,,,,,,,,,41.57,1110484.0,1089732.0,17.14,454981.0,452204.0,33.5,886743.0,886312.0,4.59,125207.0,117810.0,3.2,75921.0,93676.0
Costa Rica,CRI,5094118,97.91306306,79.34,9.549847673,12027.36588,25.7,1.336493848,9.36,10.604963,4.43,1.6180878490000001,39730.0,22.08,575731.0,549802.0,15.19,395202.0,379277.0,43.98,1130387.0,1111791.0,9.99,247267.0,261847.0,8.76,205463.0,241221.0
Cote d'Ivoire,,26453542,,,,,,,,,,,,38.53,5311971.0,5276219.0,20.21,2774374.0,2779012.0,34.88,4866957.0,4719286.0,3.53,494000.0,476060.0,2.85,349822.0,433385.0
Croatia,HRV,4105267,73.077198,56.946999999999996,20.44543301,14909.69319,24.4,2.153365611,18.24,6.427023522000001,6.03,3.9738049060000002,27189.0,14.16,308668.0,289996.0,10.76,233602.0,221495.0,39.77,841930.0,839601.0,14.24,290982.0,310969.0,21.06,364076.0,526427.0
Cuba,CUB,11326616,108.9995962,77.03699999999999,15.18621142,8821.818890999999,24.6,1.353519687,18.19,29.07299006,6.15,3.0809942460000004,8733.666,16.34,929927.0,877035.0,11.81,678253.0,627384.0,41.95,2335680.0,2303793.0,14.11,760165.0,799734.0,15.8,794743.0,952348.0
Cyprus,,875900,,,,,,,,,,,,15.69,102095.0,96676.0,12.29,84832.0,70879.0,47.12,316710.0,280167.0,11.92,72476.0,78511.0,12.97,71053.0,93277.0
Czech Republic,CZE,10708981,137.60288789999998,73.792,19.42087689,23078.57349,26.0,2.113855018,18.84,15.66182801,5.85,9.165978376,50694.0,15.17,834447.0,789328.0,9.2,508329.0,475846.0,43.29,2382899.0,2249774.0,12.12,636357.0,660748.0,20.23,907255.0,1257515.0
Democratic Republic of Congo,COD,89561403,37.08259236,44.46,3.017840622,561.7771824,6.7,0.373808856,2.59,111.62273049999999,8.33,0.063330889,18612.19624,46.38,23757297.0,23449057.0,19.42,9908686.0,9856841.0,28.38,14459453.0,14422912.0,3.36,1647267.0,1769429.0,2.47,1085539.0,1423782.0
Denmark,DNK,5792202,138.0673017,87.874,19.81295264,61350.347910000004,19.7,2.493679851,21.58,18.23111893,4.36,5.9357124820000005,0.0,16.42,494806.0,469005.0,12.33,370557.0,352977.0,38.71,1149991.0,1122016.0,12.63,370338.0,371149.0,19.91,538096.0,630475.0
Djibouti,DJI,988000,41.36842105,77.777,4.527579378,3082.543099,13.5,0.520915766,5.51,79.51501977,6.49,0.8038302159999999,0.0,29.97,138701.0,137588.0,20.32,88399.0,98955.0,40.73,156016.0,219406.0,5.01,19868.0,26307.0,3.97,16245.0,20319.0
Dominica,,71808,,,,,,,,,,,,21.41,8135.0,7760.0,13.15,5017.0,4746.0,42.79,16133.0,15637.0,10.53,4089.0,3731.0,12.12,4128.0,4867.0
Dominican Republic,DOM,10847910,219.9785759,81.074,7.082817476000001,8050.6316019999995,27.6,0.753248307,11.52,25.29051513,5.02,2.11899467,0.0,26.85,1433166.0,1385987.0,18.15,968391.0,937227.0,40.54,2168122.0,2088926.0,8.17,429042.0,428508.0,6.29,310262.0,350076.0
Ecuador,ECU,17643054,68.78868175,63.821000000000005,7.157289727,6344.871979,19.9,0.6938301729999999,5.4,36.41377435,4.41,2.7532663630000003,53033.0,25.82,2226240.0,2138219.0,17.8,1531545.0,1478222.0,40.31,3333650.0,3480262.0,7.92,647718.0,691759.0,8.15,648761.0,728491.0
Egypt,EGY,102334404,98.87346929,42.70399999999999,5.229779346,2549.132252,32.0,0.5437311229999999,13.88,33.551932199999996,12.12,2.232732005,104473.0,33.62,18112550.0,16889155.0,18.01,9684437.0,9071163.0,37.85,20032310.0,19376847.0,6.08,3160438.0,3172544.0,4.44,2213539.0,2411457.0
El Salvador,SLV,6486205,309.8814672,72.023,8.287090005,4058.252439,24.6,0.8138254690000001,5.34,43.20066203,6.39,0.998428944,27601.0,25.83,857003.0,817336.0,18.82,619368.0,600501.0,40.51,1221545.0,1404163.0,7.23,198029.0,270461.0,7.6,214717.0,277979.0
Eritrea,,3546000,,,,,,,,,,,,38.23,1169456.0,1155460.0,20.56,622172.0,627858.0,33.42,997693.0,1034550.0,3.8,105092.0,125735.0,4.0,99231.0,143949.0
Estonia,EST,1326535,30.38610536,68.88,19.62635685,23266.34627,21.2,2.20173988,14.12,9.192635012,2.96,14.84881917,790.0,16.22,102191.0,97116.0,8.86,56484.0,52378.0,40.34,252273.0,243382.0,13.58,76251.0,90576.0,21.0,89211.0,168762.0
Eswatini,SWZ,1160164,66.05761628,23.799,4.014587941,4145.974112,16.5,0.551662124,4.93,97.87967456,5.6,1.098404505,0.0,33.63,185640.0,185808.0,18.71,98029.0,108654.0,39.46,202536.0,233275.0,4.36,20529.0,27672.0,3.83,15833.0,26503.0
Ethiopia,,100829000,,,,,,,,,,,,39.81,21657152.0,21381628.0,19.47,10506144.0,10542128.0,32.92,17720540.0,17867298.0,4.42,2350606.0,2433319.0,3.38,1676478.0,1977857.0
Faeroe Islands,,52756,,,,,,,,,,,,,,,,,,,,,,,,,,
Fiji,,889327,,,,,,,,,,,,26.86,128499.0,122873.0,15.51,73993.0,71139.0,41.05,196932.0,187270.0,9.25,43813.0,42763.0,7.34,31556.0,37136.0
Finland,FIN,5540720,18.15685565,85.382,21.72078755,50152.34014,22.2,2.353037036,10.24,5.057654295,2.05,8.660721243,125804.0,16.41,467220.0,447005.0,10.95,312179.0,297717.0,37.37,1064326.0,1017545.0,13.02,357687.0,367610.0,22.26,543331.0,697045.0
France,FRA,65273511,122.33839569999999,80.444,20.03462475,41463.64402,21.6,2.091774092,13.64,10.98052703,3.28,4.573181595,597412.0,18.36,6368767.0,6085318.0,11.88,4122981.0,3938938.0,36.83,12619649.0,12366120.0,12.47,4085564.0,4376272.0,20.46,6029303.0,7855244.0
Gabon,,2176766,,,,,,,,,,,,36.45,413883.0,399374.0,21.9,254749.0,233770.0,32.48,386903.0,337776.0,5.19,58861.0,56843.0,3.98,44368.0,44381.0
Gambia,GMB,2416668,225.30652169999996,61.27,2.589980939,716.118489,10.3,0.33186710399999997,4.9,112.03792849999999,9.39,0.253640982,625.0,35.96,392714.0,389027.0,20.09,216307.0,220514.0,35.85,382138.0,397324.0,4.4,45614.0,50143.0,3.69,36773.0,43445.0
Georgia,,3716858,,,,,,,,,,,,18.42,472731.0,435174.0,10.9,286518.0,250882.0,40.59,984942.0,1016353.0,13.24,288650.0,364117.0,16.85,326219.0,504444.0
Germany,DEU,83783942,237.37096980000004,77.312,21.461962,47603.027630000004,22.3,2.398478606,14.94,11.42272633,4.42,8.889370395,922648.6435,12.89,5302850.0,5025863.0,9.81,4012412.0,3854471.0,38.58,15553328.0,15370417.0,15.74,6297886.0,6316024.0,22.99,8148873.0,10277538.0
Ghana,GHA,31072940,130.8214292,56.06,3.068898007,2202.312164,10.9,0.465036577,2.9,114.9090784,7.48,0.5313717379999999,14373.0,37.44,5524932.0,5460943.0,18.64,2717481.0,2752601.0,34.27,4875985.0,5177959.0,5.21,743757.0,784517.0,4.44,598387.0,703686.0
Greece,GRC,10423054,83.22473235,79.058,21.65527208,20324.25356,24.9,1.85735654,20.29,14.40514319,5.77,6.180337268,144040.0,14.53,794918.0,745909.0,10.34,577134.0,519819.0,39.6,2080443.0,2119995.0,13.1,656404.0,732936.0,22.43,1057317.0,1322176.0
Greenland,,56367,,,,,,,,,,,,20.82,6079.0,5916.0,14.45,4186.0,4137.0,39.72,11962.0,10921.0,14.66,4561.0,3886.0,10.36,3170.0,2798.0
Guam,GUM,168775,306.9777778,94.78,9.849910719,35712.562139999995,,1.013283135,9.25,31.30552592,6.09,0.0,0.0,27.22,23748.0,22122.0,16.08,14522.0,12572.0,36.65,31880.0,29871.0,10.5,9079.0,8610.0,9.54,7504.0,8577.0
Guatemala,GTM,17915568,160.9537794,51.053999999999995,4.812072508,4549.010081,21.2,0.574118049,4.23,81.44076798,8.07,1.151000836,3205.0,33.68,2944145.0,2833432.0,19.76,1705730.0,1683546.0,36.45,3065933.0,3186816.0,5.41,431417.0,496743.0,4.7,363460.0,442066.0
Guinea,,12559623,,,,,,,,,,,,41.2,2601221.0,2559918.0,19.32,1215654.0,1204366.0,30.85,1933141.0,1930977.0,4.73,287448.0,305420.0,3.91,218803.0,270492.0
Guyana,GUY,786552,3.957348235,26.605999999999998,6.4502712429999995,4979.002188,20.2,0.67575984,7.41,45.84605489,6.49,2.632392779,1931.0,23.91,91317.0,88025.0,21.23,81294.0,77987.0,39.48,154825.0,141385.0,8.37,29385.0,33386.0,7.01,21325.0,31275.0
Haiti,,11743017,,,,,,,,,,,,31.21,1719961.0,1734566.0,20.71,1145113.0,1146741.0,38.45,2110294.0,2145209.0,5.3,280630.0,305584.0,4.33,210451.0,269228.0
Honduras,HND,9904607,85.68703191,57.096000000000004,4.690617659,2500.113213,21.4,0.577602037,8.95,15.89088323,6.57,1.057648023,14832.0,30.2,1411537.0,1377319.0,21.03,969302.0,972843.0,37.79,1657260.0,1832780.0,5.58,233735.0,281525.0,5.4,221779.0,277260.0
Hong Kong,HKG,7496981,7096.190476000001,100.0,16.87504833,48675.616460000005,,,,,,6.393600526,245146.0,12.81,490477.0,437971.0,8.81,334836.0,303897.0,42.66,1328529.0,1763970.0,17.24,582047.0,668051.0,18.48,625453.0,714676.0
Hungary,HUN,9660351,107.9066055,71.351,19.15772538,16161.98051,26.4,1.7429261000000003,19.67,5.650862974,6.37,4.265574976,183541.0,14.54,731542.0,689739.0,10.43,526933.0,492388.0,42.17,2075763.0,2044664.0,12.17,552876.0,636107.0,20.69,773157.0,1248658.0
Iceland,ISL,341243,3.526922693,93.81299999999999,14.79509256,73191.11632,21.9,2.5130786880000002,14.65,14.79814866,2.67,6.059657407,54653.30259,20.31,36394.0,34837.0,12.85,22748.0,22317.0,39.44,70227.0,68095.0,11.94,20762.0,21111.0,15.47,25546.0,28697.0
India,IND,1380004385,454.9380726,34.03,6.179955649,2009.978857,3.9,0.312306273,9.03,52.49725845,12.52,1.7276705069999998,1200111.363,26.31,185017089.0,163844572.0,17.51,123423531.0,108739780.0,41.56,285275667.0,265842319.0,7.91,52444817.0,52447038.0,6.72,42054459.0,47003975.0
Indonesia,IDN,273523615,147.75219009999998,55.325,5.857165612999999,3893.596078,6.9,0.426835825,13.85,26.57089914,7.53,1.81937838,959307.3809999999,23.87,32473246.0,31264034.0,16.76,22786920.0,21960130.0,42.56,58249570.0,55409579.0,8.99,11033838.0,12968005.0,7.82,9099773.0,11781271.0
Iran,IRN,83992949,50.22242012,74.898,6.184573806,5627.749268,25.8,0.8632717459999999,10.24,15.39041239,7.66,8.384101101,228803.6158,24.11,10472844.0,10000028.0,13.36,5806034.0,5537561.0,48.94,21235038.0,20327384.0,7.72,3220074.0,3337420.0,5.87,2316677.0,2670254.0
Iraq,IRQ,40222493,88.53057004,70.473,3.323599663,5834.166211,30.4,0.41940051799999994,7.51,10.38641099,6.2,4.89491703,21071.0,37.02,7349868.0,7041405.0,19.83,3918433.0,3788157.0,35.59,6919569.0,6914856.0,4.23,805397.0,839137.0,3.33,576593.0,719240.0
Ireland,IRL,4937786,70.45298302,63.17,13.865801699999999,78806.432,25.3,2.354530107,18.48,17.5937044,3.61,7.313939808,935961.0,21.15,560338.0,534570.0,12.08,316239.0,308872.0,42.19,1098058.0,1085794.0,10.77,278836.0,278498.0,13.82,331772.0,383592.0
Israel,ISR,8655535,410.52680219999996,92.41799999999999,11.97698602,41715.02928,26.1,1.452405519,13.34,17.84839215,5.68,7.8631813479999995,53901.0,26.76,1187819.0,1133365.0,15.67,694142.0,665721.0,37.2,1648262.0,1579399.0,8.4,363262.0,365709.0,11.96,467980.0,569816.0
Italy,ITA,60461826,205.4507479,70.438,22.7516796,34483.204,19.9,2.277105536,13.64,7.11485387,4.72,5.270866786,256596.0,13.45,4292431.0,4097732.0,9.61,3005402.0,2989764.0,40.86,12577764.0,12921614.0,14.0,4243735.0,4493581.0,22.08,5949560.0,7831076.0
Jamaica,,2734093,,,,,,,,,,,,25.2,360199.0,347436.0,17.95,255102.0,248927.0,38.06,518583.0,550410.0,9.63,133890.0,136442.0,9.17,121969.0,135612.0
Japan,JPN,126476461,347.0734584,91.616,27.57636991,39289.95843,4.3,2.9851854039999997,14.58,22.15590461,3.61,9.538706102999999,999594.0,12.49,8047183.0,7623767.0,9.47,6254352.0,5635377.0,36.8,22867385.0,23317140.0,12.06,7564067.0,7570732.0,29.18,16034973.0,20592496.0
Jordan,JOR,10203134,112.1424983,90.979,3.8464903980000003,4241.788782,35.5,0.704068038,12.13,18.11428306,7.08,2.965238308,36127.0,33.05,1837696.0,1738935.0,19.77,1126567.0,1012812.0,38.39,2250328.0,1903996.0,5.11,290633.0,262827.0,3.67,194464.0,202386.0
Kazakhstan,KAZ,18776707,6.769825907,57.428000000000004,7.391846271,9812.601137,21.0,0.82055031,14.92,21.92918198,5.94,14.36316974,83287.0,26.13,2438148.0,2550535.0,12.97,1262766.0,1212645.0,42.23,3960188.0,4102845.0,10.25,856180.0,1099923.0,8.43,567269.0,1041450.0
Kenya,KEN,53771296,90.29941666,27.03,2.3391866119999998,1710.5100969999999,7.1,0.377934053,3.39,93.61514343,6.54,0.305923722,137602.1784,38.71,10412321.0,10310908.0,20.45,5486641.0,5460372.0,33.75,9046946.0,9021207.0,4.01,1053202.0,1093305.0,3.07,750988.0,892046.0
Kosovo,RKS,1845000,,,,,,,,,,,,24.07,241563.0,223568.0,16.95,170566.0,157063.0,42.56,433914.0,388595.0,8.67,85840.0,81782.0,7.75,63943.0,85940.0
Kuwait,KWT,4270571,232.1722222,100.0,2.550472384,33994.40657,37.9,0.729435743,13.89,28.69543854,10.75,25.84922928,46450.0,24.29,378778.0,348512.0,14.96,245354.0,202642.0,52.39,984813.0,583632.0,5.43,90583.0,72026.0,2.92,38614.0,48752.0
Kyrgyz Republic,KGZ,6316000,32.92909281,36.351,4.494727976,1281.3636609999999,16.6,0.574531,11.21,14.24027696,8.3,1.6463953390000001,16344.371969999998,30.39,930455.0,882137.0,15.7,475915.0,460604.0,40.02,1172719.0,1214624.0,8.09,210994.0,271480.0,5.8,132134.0,213835.0
Laos,LAO,7275560,30.59578423,35.004,4.0751499639999995,2542.486528,5.3,0.41110246,11.8,69.69277779,11.0,0.294364883,10172.842920000001,31.25,1177297.0,1149727.0,20.6,763757.0,770497.0,38.29,1407823.0,1443774.0,5.73,206977.0,219833.0,4.13,139665.0,168046.0
Latvia,,1897100,,,,,,,,,,,,15.32,148120.0,140028.0,9.0,87372.0,81965.0,40.41,380817.0,379359.0,14.77,125401.0,152548.0,20.5,128151.0,257471.0
Lebanon,LBN,6825445,669.4941349,88.59299999999999,7.002368134,8269.787676,32.0,2.200755247,19.08,13.90359598,8.23,3.843598231,25740.0,20.75,581015.0,554175.0,14.98,417739.0,401357.0,46.69,1296250.0,1257273.0,9.62,250653.0,275670.0,7.96,187001.0,248479.0
Lesotho,LSO,2142249,69.43781291,28.153000000000002,4.901087497,1299.153126,16.6,0.522848771,7.35,120.10290330000001,6.83,1.207715726,0.0,31.3,309991.0,306321.0,19.26,181874.0,197452.0,38.86,373323.0,391901.0,4.98,52441.0,45726.0,5.6,57030.0,53275.0
Liberia,,4568298,,,,,,,,,,,,43.35,1111479.0,1087871.0,20.35,516136.0,516137.0,30.01,747983.0,774615.0,3.46,89150.0,86231.0,2.83,70252.0,73442.0
Libya,,6871287,,,,,,,,,,,,33.65,1184755.0,1134084.0,15.21,534245.0,513728.0,41.57,1491461.0,1373086.0,5.52,186913.0,193560.0,4.04,129177.0,149526.0
Lithuania,,2794870,,,,,,,,,,,,15.26,213802.0,202948.0,10.23,144679.0,134822.0,38.96,528706.0,535485.0,15.1,183854.0,228585.0,20.45,190025.0,368558.0
Luxembourg,LUX,625978,250.0938272,90.98100000000001,14.18315418,116639.888,22.6,2.563117583,15.19,13.35703721,3.79,17.36212137,51824.0,16.73,54099.0,51004.0,11.78,37946.0,36061.0,43.93,141535.0,134531.0,12.19,39289.0,37337.0,15.37,43595.0,52984.0
Macao,MAC,649335,20777.50026,100.0,10.48420293,87208.53591,,,,,,2.174572354,24411.0,13.43,42449.0,40051.0,10.45,33845.0,30354.0,49.0,134302.0,166762.0,14.57,44512.0,45007.0,12.56,36223.0,40953.0
Madagascar,MDG,27691018,45.13985562,37.191,2.9867171260000003,527.5012849999999,5.3,0.414500993,3.15,117.1435165,10.13,0.130420845,10170.0,38.86,5278838.0,5196036.0,20.06,2717399.0,2689874.0,33.02,4443147.0,4456691.0,4.6,611364.0,627315.0,3.47,425122.0,509951.0
Malawi,MWI,19129952,192.4407616,16.937,2.64543493,389.3980332,5.8,0.468143301,2.96,91.62136892,6.78,0.078339597,2327.0,45.87,4843107.0,4878983.0,20.51,2151417.0,2195939.0,27.96,2944936.0,2982195.0,2.98,303803.0,328092.0,2.68,249219.0,318938.0
Malaysia,MYS,32365999,95.96282149,76.036,6.671754625,11373.233,15.6,0.783179443,14.32,112.9098132,6.87,8.130210313,476733.0,26.8,4504562.0,4246681.0,16.63,2760244.0,2670186.0,40.86,6737826.0,6604776.0,8.81,1458038.0,1418280.0,6.9,1066627.0,1184863.0
Mali,MLI,20250833,15.63501586,42.356,2.5072297580000003,899.6599081,8.6,0.393821527,1.4,60.93683904,6.19,0.083369355,0.0,47.69,4689121.0,4636685.0,19.0,1768772.0,1945582.0,26.61,2395566.0,2806830.0,3.68,367710.0,352170.0,3.02,293560.0,297401.0
Mauritania,MRT,4649658,4.272163578,53.672,3.1411121580000003,1188.8345880000002,12.7,0.483407624,2.63,83.33593901,8.27,0.6893881190000001,5636.839472,37.56,755788.0,748671.0,19.71,387140.0,402462.0,33.91,630693.0,727518.0,4.9,88888.0,107201.0,3.92,66407.0,90707.0
Mauritius,MUS,1271768,623.3019704,40.793,11.47417307,11238.69039,10.8,0.7726514790000001,10.9,22.7451741,7.31,3.353110472,14940.0,19.44,137010.0,131113.0,14.06,98480.0,95472.0,43.11,297527.0,297158.0,12.31,80952.0,88785.0,11.08,63230.0,89638.0
Mexico,MEX,128932753,64.91462641,80.156,7.223684981,9673.443674,28.9,0.8947154909999999,7.25,19.82003555,6.76,3.990446149,590727.0,26.01,17111199.0,16349767.0,16.97,11069260.0,10762784.0,41.06,25604223.0,27223720.0,8.29,4879048.0,5784176.0,7.67,4373807.0,5491581.0
Moldova,,2640438,,,,,,,,,,,,18.31,317243.0,298673.0,11.27,196874.0,182456.0,43.13,738103.0,712892.0,13.26,205693.0,240555.0,14.03,186949.0,285058.0
Monaco,,38100,,,,,,,,,,,,,,,,,,,,,,,,,,
Mongolia,MNG,3278290,2.040608667,68.445,4.083538787,4121.732435,20.6,0.6315463929999999,13.83,21.81236685,7.84,7.088025677999999,7777.0,26.96,435596.0,418524.0,14.93,239495.0,233459.0,45.29,694481.0,740334.0,8.04,115560.0,139129.0,4.78,60966.0,90482.0
Morocco,MAR,36910560,80.72851893,62.453,7.012904821,3222.200634,26.1,0.62808944,8.33,21.61185389,8.92,1.750794556,80154.0,27.04,4905626.0,4709333.0,16.55,2953523.0,2930708.0,40.64,7126781.0,7325709.0,8.67,1533771.0,1548315.0,7.11,1225307.0,1302581.0
Mozambique,MOZ,31255435,37.50853531,35.988,2.890764457,498.95722019999994,7.2,0.457598238,3.82,95.97107882,5.64,0.320578017,10479.0,45.57,6950800.0,6766373.0,19.91,2997529.0,2994927.0,28.28,3949085.0,4564031.0,3.31,485454.0,509430.0,2.93,430797.0,449771.0
Myanmar,MMR,54409800,82.23861548,30.579,5.784641933,1325.952924,5.8,0.586053381,16.61,59.33173670000001,11.07,0.41375859,64397.96449,25.97,7524869.0,7173333.0,17.0,4852122.0,4769412.0,42.76,11861971.0,12337482.0,8.22,2179616.0,2472681.0,6.04,1489807.0,1928778.0
Namibia,NAM,2540905,2.973745582,50.032,3.6360316810000004,5931.453886,17.2,0.543290319,6.76,74.07970846,6.06,1.6516928169999998,14543.0,35.68,473937.0,464453.0,20.27,267106.0,265882.0,35.47,449132.0,483811.0,4.68,54589.0,68619.0,3.9,43596.0,58948.0
Nepal,,29996478,,,,,,,,,,,,28.36,4526786.0,4073642.0,20.93,3276431.0,3070843.0,38.38,5251553.0,6387365.0,6.64,954836.0,1059360.0,5.69,852969.0,874092.0
Netherlands,NLD,17134872,511.45791039999995,91.49,19.19619263,53024.05921,20.4,2.818549509,20.25,16.39636629,4.42,9.920138075,325942.29600000003,16.11,1425547.0,1358894.0,11.91,1049000.0,1008763.0,38.47,3334064.0,3313238.0,13.69,1177657.0,1188613.0,19.82,1558241.0,1866380.0
New Zealand,NZL,4822233,18.55417569,86.538,15.65242453,41945.33167,30.8,3.2115808639999996,12.89,8.137243446,2.13,7.686575825,187851.0,19.63,496802.0,469853.0,12.92,328327.0,308132.0,39.98,996857.0,972566.0,11.93,285989.0,301692.0,15.54,358228.0,407031.0
Nicaragua,NIC,6624554,53.72704836,58.522,5.247497448,2028.894755,23.7,0.612097552,6.36,16.28074206,6.51,0.7915763229999999,0.0,25.63,811731.0,777984.0,19.51,609962.0,600567.0,42.41,1254683.0,1376052.0,6.63,188591.0,222766.0,5.82,159140.0,201965.0
Niger,NER,24206644,17.71765059,16.425,2.595007883,413.980305,5.5,0.353763204,0.94,119.9041305,8.93,0.11054275699999999,0.0,50.58,5805102.0,5713815.0,19.99,2246670.0,2306285.0,23.57,2582123.0,2784464.0,3.17,357832.0,364774.0,2.68,293430.0,317866.0
Nigeria,NGA,206139589,215.06498900000003,50.343999999999994,2.747377005,2028.1819699999999,8.9,0.573096291,0.85,92.92574979,7.21,0.545794085,77482.72652000001,41.7,45571738.0,43674769.0,20.27,22022660.0,21358753.0,30.6,32808913.0,32686474.0,4.13,4327847.0,4514264.0,3.3,3329083.0,3733801.0
Norway,NOR,5421241,14.55491954,82.24799999999999,17.04922216,81697.24597999999,23.1,3.149720455,14.26,15.27950426,2.79,9.270945132,0.0,17.96,503013.0,478901.0,12.02,336597.0,320720.0,40.75,1150762.0,1077357.0,11.84,328865.0,318398.0,17.43,442232.0,510594.0
Oman,OMN,5106626,15.6041454,84.539,2.392786956,16415.15728,27.0,0.645021569,8.23,26.64407744,8.07,15.18879511,76672.0,30.15,561791.0,533949.0,17.35,331000.0,299516.0,44.81,928812.0,699821.0,4.02,77558.0,68427.0,3.68,64152.0,69663.0
Pakistan,PAK,220892340,275.28931869999997,36.666,4.312774311,1482.403063,8.6,0.597205025,9.08,35.0810628,9.04,0.851472804,48542.0,36.01,42923925.0,41149694.0,19.3,23119205.0,21952976.0,34.7,41589381.0,39442046.0,5.55,6526656.0,6423993.0,4.44,4802165.0,5570595.0
Palestine,,5101152,,,,,,,,,,,,,,,,,,,,,,,,,,
Panama,PAN,4314767,56.18607748,67.709,8.10473108,15575.07255,22.7,0.982381717,8.12,22.63322706,4.5,2.255854757,119148.0,25.56,508131.0,487205.0,16.59,329250.0,316796.0,40.31,794662.0,774905.0,8.54,165129.0,167317.0,9.01,160516.0,190171.0
Papua New Guinea,PNG,8947024,19.00436338,13.169,3.445269251,2730.274799,21.3,0.596347202,12.45,113.2314881,11.98,0.795074226,41545.17078,31.98,1182539.0,1139358.0,19.87,731453.0,711164.0,37.68,1397903.0,1337143.0,5.83,218529.0,204717.0,4.64,164734.0,171916.0
Paraguay,PRY,7132538,17.50835892,61.585,6.430215008999999,5821.814323,20.3,0.6827273490000001,13.12,26.54566891,6.46,0.864029477,4215.0,23.41,857303.0,826470.0,17.71,640400.0,633525.0,42.63,1532692.0,1532851.0,8.37,306100.0,295890.0,7.88,267351.0,299103.0
Peru,PER,32971854,24.99160625,77.907,8.088392792,6941.235848,19.7,0.6559259820000001,4.97,51.43508834,6.75,2.051984358,141025.363,25.43,4131985.0,3984546.0,17.21,2756024.0,2736394.0,41.03,6279595.0,6815159.0,8.28,1266595.0,1375708.0,8.05,1207707.0,1361276.0
Philippines,PHL,109581078,357.6883053,46.907,5.122568768,3102.713363,6.4,0.593539368,14.06,126.0522128,9.66,1.05114223,292450.0,32.42,18060976.0,17331781.0,19.16,10680325.0,10243047.0,37.37,20777741.0,20027153.0,6.18,3116485.0,3633301.0,4.86,2155840.0,3154166.0
Poland,POL,37846611,124.0358862,60.058,17.51781676,15420.91116,23.1,1.635208395,19.39,15.88291442,6.25,7.517151585,123903.0,14.83,2918518.0,2756968.0,9.8,1928637.0,1823894.0,43.33,8384017.0,8203646.0,13.32,2424638.0,2675351.0,18.72,2867315.0,4299341.0
Portugal,PRT,10196709,112.2394535,65.211,21.95385754,23407.906590000002,20.8,1.761483237,10.43,24.58782313,3.8,4.331554028,182753.0,13.58,716102.0,682582.0,10.94,580074.0,547122.0,41.49,2109693.0,2164745.0,13.08,615925.0,731334.0,20.92,860198.0,1294899.0
Puerto Rico,PRI,2860853,360.22018039999995,93.57799999999999,18.67485021,31651.34815,,1.24440414,5.4,21.79625886,3.7,0.0,0.0,14.22,231406.0,222061.0,12.78,207169.0,200373.0,37.73,573114.0,630276.0,13.5,197438.0,232931.0,21.77,297749.0,396551.0
Qatar,QAT,2881053,239.5931955,99.135,1.370070339,68793.78444,35.1,0.9986354709999999,7.39,18.80268861,9.2,43.85730795,197811.0,12.84,158702.0,155211.0,11.78,203703.0,84323.0,70.66,1439364.0,287575.0,3.53,66561.0,19600.0,1.19,19067.0,10068.0
Romania,ROU,19237691,84.63984701,53.998000000000005,18.33870139,12301.1864,22.5,1.6330569519999998,15.51,21.69072367,5.79,3.5161536910000004,55637.0,14.12,1545196.0,1463700.0,10.31,1126997.0,1068817.0,46.26,4993886.0,4860408.0,11.73,1176814.0,1322048.0,17.58,1516472.0,2228555.0
Russia,RUS,145934462,8.822079555,74.433,14.67470832,11288.87845,23.1,1.7544362059999998,16.41,17.73043811,5.42,11.85752777,885094.0,17.24,12551611.0,11881297.0,9.54,6920070.0,6602776.0,43.38,30240260.0,31245104.0,14.31,8808330.0,11467697.0,15.53,7033381.0,14971679.0
Rwanda,RWA,12952218,498.65987029999997,17.211,2.9381960780000003,772.9444599,5.8,0.44183861700000004,5.56,93.22594955,8.1,0.075764224,18439.0,39.95,2564893.0,2513993.0,20.1,1280948.0,1273853.0,33.06,2001629.0,2201132.0,4.24,241462.0,298163.0,2.65,134648.0,201710.0
San Marino,,33640,,,,,,,,,,,,14.73,2662.0,2379.0,11.64,2091.0,1894.0,39.12,6310.0,7081.0,14.28,2367.0,2520.0,20.24,3123.0,3805.0
Saudi Arabia,SAU,34813871,15.67665431,83.844,3.314088023,23338.96346,35.4,0.908721275,5.92,28.64011854,9.23,19.44066648,254063.7469,24.84,4327830.0,4159242.0,15.38,2741371.0,2515188.0,50.2,10350028.0,6804479.0,5.95,1254921.0,778467.0,3.63,657395.0,584577.0
Senegal,,16705608,,,,,,,,,,,,40.38,3194454.0,3160111.0,20.35,1596896.0,1606084.0,31.95,2327424.0,2700698.0,4.21,283480.0,378932.0,3.1,212332.0,275957.0
Serbia,SRB,8737371,79.83174022,56.092,18.34579269,7246.731656,21.5,1.761549381,19.99,10.30197527,8.01,5.2825219169999995,28160.0,14.07,508242.0,478247.0,11.04,399435.0,374718.0,41.19,1459413.0,1429176.0,13.7,464881.0,495663.0,20.0,585705.0,816685.0
Seychelles,SYC,98347,210.3521739,56.691,7.5945456039999995,16433.93529,14.0,1.287976966,11.54,79.01521626,5.43,5.4186779629999995,18671.0,18.85,9297.0,8798.0,12.39,6283.0,5607.0,49.03,25209.0,21851.0,11.46,5545.0,5455.0,8.27,3272.0,4664.0
Sierra Leone,SLE,7976983,105.98717099999999,42.055,2.9665562110000003,533.9911843,8.7,0.407415789,3.42,138.2487198,8.57,0.186560088,0.0,41.38,1369942.0,1371537.0,18.83,610396.0,636880.0,32.21,1020741.0,1112946.0,3.89,121733.0,135664.0,3.7,100712.0,144382.0
Singapore,SGP,5850342,7952.998418000001,100.0,11.46338019,64581.94402,6.1,2.174969716,12.1,41.84535578,6.64,10.30633191,208787.0,12.8,406983.0,387665.0,15.01,457190.0,474676.0,50.73,1531088.0,1618844.0,10.58,328024.0,328808.0,10.89,310123.0,366259.0
Slovak Republic,SVK,5459642,113.29057820000001,53.726000000000006,15.629246499999999,19442.70576,20.5,2.11595951,15.61,20.22993263,5.96,5.661581328,0.0,15.13,423180.0,400128.0,10.06,280284.0,266838.0,44.61,1228462.0,1198747.0,13.15,342124.0,373452.0,17.05,366267.0,561120.0
Slovenia,SVN,2078938,102.6398595,54.541000000000004,19.60687965,26123.973869999998,20.2,2.0736789819999997,14.89,12.24346427,4.6,6.213686845,18444.0,14.84,160134.0,151960.0,9.01,98205.0,91318.0,40.73,449930.0,406395.0,14.19,148785.0,149635.0,21.23,192420.0,253896.0
Solomon Islands,,721455,,,,,,,,,,,,32.99,116397.0,109604.0,19.82,69914.0,65874.0,37.64,131201.0,126681.0,5.04,17844.0,16704.0,4.51,14461.0,16417.0
Somalia,,15893219,,,,,,,,,,,,42.38,2488604.0,2493527.0,19.81,1167807.0,1161040.0,30.93,1881094.0,1755166.0,4.61,278132.0,264325.0,2.27,106187.0,161242.0
South Africa,ZAF,59308690,47.63011978,66.355,5.318005005,6374.028196,28.3,0.556269555,6.3,62.16391298,4.96,8.979062348,180317.18600000002,27.94,7894742.0,7883266.0,16.8,4680587.0,4804337.0,42.37,12099441.0,11825193.0,6.8,1782902.0,2056988.0,6.09,1443956.0,1992205.0
South Korea,KOR,51269185,529.6521036,81.459,14.41855583,31362.75147,4.7,2.2105827959999997,16.04,17.67501381,5.79,11.57034541,526374.0,12.77,3401815.0,3219589.0,11.18,3030027.0,2764860.0,44.66,12043626.0,11106927.0,15.47,3927496.0,4089033.0,15.92,3572855.0,4678882.0
South Sudan,SSD,11193725,,19.615,3.39848288,1119.6513320000001,,0.44835524299999996,2.45,140.18424240000002,9.33,0.141748232,0.0,41.58,2238534.0,2152685.0,21.28,1153108.0,1094568.0,30.67,1662409.0,1577062.0,3.93,228875.0,186571.0,2.53,153502.0,113930.0
Spain,ESP,46754778,,,,,23.8,2.119853473,15.36,10.16887927,4.11,,,15.02,3861522.0,3650085.0,9.9,2557504.0,2392498.0,43.61,11134006.0,10675873.0,12.99,3177080.0,3319823.0,18.49,3970417.0,5276984.0
Sri Lanka,LKA,21413249,345.558922,18.476,10.47321975,4102.48135,5.2,0.537432573,10.07,24.19874754,6.67,0.885247473,34425.0,23.11,2696379.0,2592450.0,14.58,1700442.0,1636401.0,41.2,4641842.0,4789101.0,10.48,1110481.0,1288056.0,10.63,1023315.0,1410734.0
Sudan,SDN,43849260,,34.641999999999996,3.5811605280000003,977.2736357000001,,0.423723785,1.37,30.39750247,8.65,0.299732598,3170.0,42.01,9726937.0,9414988.0,20.94,4852903.0,4687664.0,29.89,6633567.0,6986241.0,4.13,956633.0,923688.0,3.03,729214.0,649721.0
Suriname,,590100,,,,,,,,,,,,23.38,72642.0,69899.0,17.2,53427.0,51438.0,44.09,136889.0,131868.0,8.78,26435.0,27066.0,6.55,17437.0,22468.0
Sweden,SWE,10099265,25.00104343,87.431,20.09552493,54608.36025,20.6,2.433869445,14.35,11.20746289,2.45,4.478182178,0.0,17.71,928413.0,878028.0,10.8,569082.0,532492.0,39.01,2016991.0,1962617.0,11.9,610521.0,603795.0,20.59,974410.0,1126142.0
Switzerland,CHE,8654622,,,,,19.5,2.110949955,14.98,7.886846735,3.58,,,15.34,664255.0,625252.0,10.39,446196.0,426708.0,42.05,1768245.0,1765941.0,13.48,569717.0,563482.0,18.73,699750.0,874448.0
Syria,SYR,17500658,92.06710777,54.162,4.503124421,2032.623489,27.8,0.5720737770000001,8.77,16.78564351,6.65,1.640539063,167.7535302,33.47,3323072.0,3170444.0,19.34,1872903.0,1879564.0,37.31,3558241.0,3679596.0,5.41,516209.0,534189.0,4.46,404813.0,459417.0
Taiwan,TWN,23816775,,,,,,2.7152544510000003,15.45,33.59103582,7.08,,,12.42,1504704.0,1426494.0,11.62,1403117.0,1339535.0,45.51,5351951.0,5389112.0,14.73,1698555.0,1778529.0,15.72,1681476.0,2029576.0
Tajikistan,,9313800,,,,,,,,,,,,31.43,1420271.0,1368445.0,18.13,816658.0,792231.0,40.58,1789271.0,1811566.0,6.23,253862.0,299378.0,3.63,132831.0,189156.0
Tanzania,TZA,59734218,63.57907879999999,33.775999999999996,2.601299178,1060.994615,8.4,0.44878903600000003,4.43,94.56126331,7.9,0.231426985,51577.0,42.7,12632772.0,12369115.0,20.39,5988208.0,5948134.0,30.31,8903629.0,8844180.0,3.52,954251.0,1107717.0,3.08,747934.0,1056905.0
Thailand,THA,69799978,135.89720680000002,49.949,11.90089314,7273.563206999999,10.0,0.629747052,12.03,40.42401088,6.55,4.620377146,475886.49600000004,16.45,5812803.0,5533772.0,13.02,4581622.0,4400997.0,45.69,15643583.0,15875353.0,13.01,4200077.0,4774801.0,11.82,3553273.0,4601119.0
Timor-Leste,,1299412,,,,,,,,,,,,39.96,284353.0,268562.0,20.32,142693.0,138508.0,30.44,202331.0,218914.0,5.22,34956.0,37229.0,4.06,27153.0,29024.0
Togo,,7706000,,,,,,,,,,,,39.73,1716667.0,1703230.0,19.03,817093.0,820971.0,33.26,1423554.0,1439380.0,4.42,179779.0,200392.0,3.57,132304.0,175074.0
Trinidad and Tobago,TTO,1399488,270.92748539999997,53.184,10.73495352,17129.913090000002,18.6,0.964836513,8.86,20.19768675,7.94,33.96641445,32770.0,19.01,116953.0,112805.0,11.28,70986.0,65389.0,43.77,276970.0,252108.0,13.83,83650.0,83585.0,12.11,64092.0,82251.0
Tunisia,TUN,11818619,74.44132338,68.945,8.315679079,3447.5079100000003,26.9,0.7311082440000001,16.2,16.03659247,8.68,2.605932406,41446.0,25.28,1529834.0,1433357.0,12.9,766331.0,745888.0,42.85,2445751.0,2576335.0,10.12,587481.0,598140.0,8.86,491602.0,546458.0
Turkey,TUR,84339067,106.96012890000002,75.143,8.48321294,9370.176344,32.1,0.95246871,19.16,13.36273825,9.94,4.479773496,772925.545,23.41,9823553.0,9378767.0,15.67,6564263.0,6286615.0,43.31,17987103.0,17536957.0,9.25,3764878.0,3822946.0,8.35,3070258.0,3782174.0
Turkmenistan,,6031187,,,,,,,,,,,,25.44,713441.0,693042.0,16.48,458566.0,452469.0,44.14,1214581.0,1226027.0,8.56,221935.0,251238.0,5.38,129332.0,167996.0
Uganda,UGA,45741007,213.06173450000003,23.774,1.94098692,642.7767443,5.3,0.52120401,2.39,78.81358709,5.85,0.14166452699999998,4832.0,48.21,10548913.0,10304876.0,20.25,4236231.0,4521698.0,26.24,5202570.0,6147304.0,2.91,579110.0,681052.0,2.38,442159.0,589053.0
Ukraine,UKR,43733762,77.02966735,69.352,16.43468644,3095.173581,24.1,1.602203378,16.97,15.16317002,7.27,5.020747064,66712.0,16.16,3658127.0,3438887.0,9.28,2087185.0,1987758.0,43.66,9456905.0,9718758.0,13.87,2630329.0,3463851.0,17.03,2523600.0,4957539.0
United Arab Emirates,ARE,9890402,,,,,31.7,0.930793187,9.51,45.83255643,7.85,,,14.45,745492.0,698330.0,7.94,431751.0,361804.0,68.03,5204618.0,1592987.0,7.68,658892.0,108850.0,1.9,146221.0,43138.0
United Kingdom,GBR,67886011,,,,,27.8,2.791155517,15.27,24.11005138,4.08,,,17.63,5943435.0,5651780.0,11.49,3860435.0,3692398.0,39.67,13339965.0,12747598.0,12.73,4139378.0,4234701.0,18.48,5470116.0,6681311.0
United States,USA,331002651,35.76608858,82.256,15.80765406,62794.58565,36.2,5.42440701,14.77,15.88386085,3.76,16.50283724,9879630.0,18.46,31374555.0,30034371.0,12.91,21931368.0,21006463.0,38.92,64893670.0,64564565.0,12.86,20690736.0,22091808.0,16.85,25014147.0,31037419.0
Uruguay,URY,3473730,19.70802765,95.334,14.81451953,17277.97011,27.9,1.4898236580000002,14.13,24.11213092,3.56,1.984240835,0.0,19.51,336336.0,324563.0,15.14,259904.0,252945.0,39.86,670295.0,679850.0,10.79,172313.0,193045.0,14.71,200516.0,297838.0
Uzbekistan,UZB,33469203,77.46920545,50.478,4.419137878,1532.3716769999999,16.6,0.587011732,10.19,35.11694115,9.67,3.420722746,21514.0,23.19,3631693.0,3456750.0,16.63,2601803.0,2481826.0,45.68,6955260.0,7006172.0,8.63,1245035.0,1392263.0,5.87,768769.0,1025840.0
Vanuatu,,304500,,,,,,,,,,,,33.65,51267.0,49111.0,19.99,29594.0,30050.0,36.09,52529.0,55130.0,5.89,8666.0,8904.0,4.39,6518.0,6564.0
Venezuela,VEN,28435940,32.73079191,88.208,7.26698662,16054.49051,25.6,1.1348702179999999,9.23,19.74587517,5.33,6.164731034,24986.0,25.66,3759280.0,3591897.0,16.14,2348073.0,2275912.0,41.26,5869736.0,5949082.0,8.76,1203430.0,1305285.0,8.18,1069262.0,1272646.0
Vietnam,VNM,97338579,308.1252459,35.919000000000004,7.274978298,2566.59695,2.1,0.603065672,14.24,22.97805645,8.28,1.8198939769999998,283787.0,22.61,11733704.0,10590078.0,15.22,7825859.0,7202716.0,45.7,22852429.0,22262566.0,9.55,4412111.0,5016880.0,6.91,2702963.0,4121969.0
Yemen,,29825968,,,,,,,,,,,,39.16,5711709.0,5513526.0,21.26,3089817.0,3005693.0,32.78,4805059.0,4591811.0,4.0,523769.0,623100.0,2.8,366891.0,435855.0
Zambia,ZMB,18383955,23.3414789,43.521,2.099678026,1539.900158,8.1,0.474567911,3.68,93.85563273,6.0,0.292412222,734.0,45.74,4005134.0,3964969.0,20.03,1744843.0,1746561.0,28.96,2539697.0,2506724.0,3.01,242993.0,280804.0,2.27,173582.0,221316.0
Zimbabwe,ZWE,14862924,37.32459093,32.209,2.939523653,2146.9963850000004,15.5,0.5665206970000001,7.41,137.6330045,7.67,0.8847212940000001,3444.0,38.32,2759155.0,2814462.0,20.16,1436710.0,1495440.0,32.94,2456392.0,2334973.0,4.07,227506.0,363824.0,4.52,261456.0,396396.0
