iso_code,continent,location,date,total_cases,new_cases,new_cases_smoothed,total_deaths,new_deaths,new_deaths_smoothed,total_cases_per_million,new_cases_per_million,new_cases_smoothed_per_million,total_deaths_per_million,new_deaths_per_million,new_deaths_smoothed_per_million,reproduction_rate,icu_patients,icu_patients_per_million,hosp_patients,hosp_patients_per_million,weekly_icu_admissions,weekly_icu_admissions_per_million,weekly_hosp_admissions,weekly_hosp_admissions_per_million,new_tests,total_tests,total_tests_per_thousand,new_tests_per_thousand,new_tests_smoothed,new_tests_smoothed_per_thousand,positive_rate,tests_per_case,tests_units,stringency_index,population,population_density,median_age,aged_65_older,aged_70_older,gdp_per_capita,extreme_poverty,cardiovasc_death_rate,diabetes_prevalence,female_smokers,male_smokers,handwashing_facilities,hospital_beds_per_thousand,life_expectancy,human_development_index
OWID_WRL,,World,2020-01-22,555.0,0.0,,17.0,0.0,,0.071,0.0,,0.002,0.0,,,,,,,,,,,,,,,,,,,,,7794798729.0,58.045,30.9,8.696,5.355,15469.207,10.0,233.07,8.51,6.434,34.635,60.13,2.705,72.58,
OWID_WRL,,World,2020-01-23,654.0,99.0,,18.0,1.0,,0.084,0.013000000000000001,,0.002,0.0,,3.14,,,,,,,,,,,,,,,,,,,7794798729.0,58.045,30.9,8.696,5.355,15469.207,10.0,233.07,8.51,6.434,34.635,60.13,2.705,72.58,
OWID_WRL,,World,2020-01-24,941.0,287.0,,26.0,8.0,,0.121,0.037000000000000005,,0.003,0.001,,3.28,,,,,,,,,,,,,,,,,,,7794798729.0,58.045,30.9,8.696,5.355,15469.207,10.0,233.07,8.51,6.434,34.635,60.13,2.705,72.58,
OWID_WRL,,World,2020-01-25,1434.0,493.0,,42.0,16.0,,0.184,0.063,,0.005,0.002,,3.41,,,,,,,,,,,,,,,,,,,7794798729.0,58.045,30.9,8.696,5.355,15469.207,10.0,233.07,8.51,6.434,34.635,60.13,2.705,72.58,
OWID_WRL,,World,2020-01-26,2118.0,684.0,,56.0,14.0,,0.272,0.08800000000000001,,0.006999999999999999,0.002,,3.46,,,,,,,,,,,,,,,,,,,7794798729.0,58.045,30.9,8.696,5.355,15469.207,10.0,233.07,8.51,6.434,34.635,60.13,2.705,72.58,
OWID_WRL,,World,2020-01-27,2927.0,809.0,,82.0,26.0,,0.376,0.10400000000000001,,0.011000000000000001,0.003,,3.47,,,,,,,,,,,,,,,,,,,7794798729.0,58.045,30.9,8.696,5.355,15469.207,10.0,233.07,8.51,6.434,34.635,60.13,2.705,72.58,
OWID_WRL,,World,2020-01-28,5578.0,2651.0,717.571,131.0,49.0,16.285999999999998,0.716,0.34,0.092,0.017,0.006,0.002,3.48,,,,,,,,,,,,,,,,,,,7794798729.0,58.045,30.9,8.696,5.355,15469.207,10.0,233.07,8.51,6.434,34.635,60.13,2.705,72.58,
OWID_WRL,,World,2020-01-29,6167.0,589.0,801.7139999999999,133.0,2.0,16.570999999999998,0.7909999999999999,0.076,0.10300000000000001,0.017,0.0,0.002,3.14,,,,,,,,,,,,,,,,,,,7794798729.0,58.045,30.9,8.696,5.355,15469.207,10.0,233.07,8.51,6.434,34.635,60.13,2.705,72.58,
OWID_WRL,,World,2020-01-30,8235.0,2068.0,1083.0,171.0,38.0,21.857,1.056,0.265,0.139,0.022000000000000002,0.005,0.003,2.97,,,,,,,,,,,,,,,,,,,7794798729.0,58.045,30.9,8.696,5.355,15469.207,10.0,233.07,8.51,6.434,34.635,60.13,2.705,72.58,
OWID_WRL,,World,2020-01-31,9927.0,1692.0,1283.714,213.0,42.0,26.714000000000002,1.274,0.217,0.165,0.027000000000000003,0.005,0.003,2.79,,,,,,,,,,,,,,,,,,,7794798729.0,58.045,30.9,8.696,5.355,15469.207,10.0,233.07,8.51,6.434,34.635,60.13,2.705,72.58,
OWID_WRL,,World,2020-02-01,12038.0,2111.0,1514.8570000000002,259.0,46.0,31.0,1.544,0.271,0.19399999999999998,0.033,0.006,0.004,2.66,,,,,,,,,,,,,,,,,,,7794798729.0,58.045,30.9,8.696,5.355,15469.207,10.0,233.07,8.51,6.434,34.635,60.13,2.705,72.58,
OWID_WRL,,World,2020-02-02,16787.0,4749.0,2095.571,362.0,103.0,43.714,2.154,0.609,0.26899999999999996,0.046,0.013000000000000001,0.006,2.57,,,,,,,,,,,,,,,,,,,7794798729.0,58.045,30.9,8.696,5.355,15469.207,10.0,233.07,8.51,6.434,34.635,60.13,2.705,72.58,
OWID_WRL,,World,2020-02-03,19887.0,3100.0,2422.857,426.0,64.0,49.143,2.551,0.39799999999999996,0.311,0.055,0.008,0.006,2.35,,,,,,,,,,,,,,,,,,,7794798729.0,58.045,30.9,8.696,5.355,15469.207,10.0,233.07,8.51,6.434,34.635,60.13,2.705,72.58,
OWID_WRL,,World,2020-02-04,23898.0,4011.0,2617.143,492.0,66.0,51.571000000000005,3.0660000000000003,0.515,0.336,0.063,0.008,0.006999999999999999,2.17,,,,,,,,,,,,,,,,,,,7794798729.0,58.045,30.9,8.696,5.355,15469.207,10.0,233.07,8.51,6.434,34.635,60.13,2.705,72.58,
OWID_WRL,,World,2020-02-05,27643.0,3745.0,3068.0,564.0,72.0,61.571000000000005,3.5460000000000003,0.48,0.39399999999999996,0.07200000000000001,0.009000000000000001,0.008,1.99,,,,,,,,,,,,,,,,,,,7794798729.0,58.045,30.9,8.696,5.355,15469.207,10.0,233.07,8.51,6.434,34.635,60.13,2.705,72.58,
OWID_WRL,,World,2020-02-06,30803.0,3160.0,3224.0,634.0,70.0,66.143,3.952,0.405,0.414,0.081,0.009000000000000001,0.008,1.83,,,,,,,,,,,,,,,,,,,7794798729.0,58.045,30.9,8.696,5.355,15469.207,10.0,233.07,8.51,6.434,34.635,60.13,2.705,72.58,
OWID_WRL,,World,2020-02-07,34396.0,3593.0,3495.571,719.0,85.0,72.286,4.413,0.461,0.44799999999999995,0.092,0.011000000000000001,0.009000000000000001,1.7,,,,,,,,,,,,,,,,,,,7794798729.0,58.045,30.9,8.696,5.355,15469.207,10.0,233.07,8.51,6.434,34.635,60.13,2.705,72.58,
OWID_WRL,,World,2020-02-08,37130.0,2734.0,3584.571,806.0,87.0,78.143,4.763,0.35100000000000003,0.46,0.10300000000000001,0.011000000000000001,0.01,1.59,,,,,,,,,,,,,,,,,,,7794798729.0,58.045,30.9,8.696,5.355,15469.207,10.0,233.07,8.51,6.434,34.635,60.13,2.705,72.58,
OWID_WRL,,World,2020-02-09,40160.0,3030.0,3339.0,906.0,100.0,77.714,5.152,0.389,0.428,0.11599999999999999,0.013000000000000001,0.01,1.52,,,,,,,,,,,,,,,,,,,7794798729.0,58.045,30.9,8.696,5.355,15469.207,10.0,233.07,8.51,6.434,34.635,60.13,2.705,72.58,
OWID_WRL,,World,2020-02-10,42769.0,2609.0,3268.857,1013.0,107.0,83.85700000000001,5.487,0.335,0.419,0.13,0.013999999999999999,0.011000000000000001,1.48,,,,,,,,,,,,,,,,,,,7794798729.0,58.045,30.9,8.696,5.355,15469.207,10.0,233.07,8.51,6.434,34.635,60.13,2.705,72.58,
OWID_WRL,,World,2020-02-11,44811.0,2042.0,2987.571,1113.0,100.0,88.714,5.749,0.262,0.38299999999999995,0.14300000000000002,0.013000000000000001,0.011000000000000001,1.47,,,,,,,,,,,,,,,,,,,7794798729.0,58.045,30.9,8.696,5.355,15469.207,10.0,233.07,8.51,6.434,34.635,60.13,2.705,72.58,
OWID_WRL,,World,2020-02-12,45229.0,418.0,2512.286,1118.0,5.0,79.143,5.8020000000000005,0.054000000000000006,0.322,0.14300000000000002,0.001,0.01,1.51,,,,,,,,,,,,,,,,,,,7794798729.0,58.045,30.9,8.696,5.355,15469.207,10.0,233.07,8.51,6.434,34.635,60.13,2.705,72.58,
OWID_WRL,,World,2020-02-13,60382.0,15153.0,4225.571,1371.0,253.0,105.286,7.746,1.944,0.542,0.17600000000000002,0.032,0.013999999999999999,1.66,,,,,,,,,,,,,,,,,,,7794798729.0,58.045,30.9,8.696,5.355,15469.207,10.0,233.07,8.51,6.434,34.635,60.13,2.705,72.58,
OWID_WRL,,World,2020-02-14,66909.0,6527.0,4644.714,1523.0,152.0,114.85700000000001,8.584,0.8370000000000001,0.596,0.195,0.02,0.015,1.44,,,,,,,,,,,,,,,,,,,7794798729.0,58.045,30.9,8.696,5.355,15469.207,10.0,233.07,8.51,6.434,34.635,60.13,2.705,72.58,
OWID_WRL,,World,2020-02-15,69051.0,2142.0,4560.143,1666.0,143.0,122.85700000000001,8.859,0.275,0.585,0.214,0.018000000000000002,0.016,1.22,,,,,,,,,,,,,,,,,,,7794798729.0,58.045,30.9,8.696,5.355,15469.207,10.0,233.07,8.51,6.434,34.635,60.13,2.705,72.58,
OWID_WRL,,World,2020-02-16,71235.0,2184.0,4439.286,1770.0,104.0,123.429,9.139,0.28,0.57,0.22699999999999998,0.013000000000000001,0.016,1.04,,,,,,,,,,,,,,,,,,,7794798729.0,58.045,30.9,8.696,5.355,15469.207,10.0,233.07,8.51,6.434,34.635,60.13,2.705,72.58,
OWID_WRL,,World,2020-02-17,73270.0,2035.0,4357.286,1868.0,98.0,122.14299999999999,9.4,0.261,0.5589999999999999,0.24,0.013000000000000001,0.016,0.91,,,,,,,,,,,,,,,,,,,7794798729.0,58.045,30.9,8.696,5.355,15469.207,10.0,233.07,8.51,6.434,34.635,60.13,2.705,72.58,
OWID_WRL,,World,2020-02-18,75152.0,1882.0,4334.429,2008.0,140.0,127.85700000000001,9.641,0.24100000000000002,0.556,0.258,0.018000000000000002,0.016,0.8,,,,,,,,,,,,,,,,,,,7794798729.0,58.045,30.9,8.696,5.355,15469.207,10.0,233.07,8.51,6.434,34.635,60.13,2.705,72.58,
OWID_WRL,,World,2020-02-19,75652.0,500.0,4346.143,2123.0,115.0,143.571,9.705,0.064,0.5579999999999999,0.272,0.015,0.018000000000000002,0.71,,,,,,,,,,,,,,,,,,,7794798729.0,58.045,30.9,8.696,5.355,15469.207,10.0,233.07,8.51,6.434,34.635,60.13,2.705,72.58,
OWID_WRL,,World,2020-02-20,76212.0,560.0,2261.429,2248.0,125.0,125.286,9.777000000000001,0.07200000000000001,0.29,0.28800000000000003,0.016,0.016,0.66,,,,,,,,,,,,,,,,,,,7794798729.0,58.045,30.9,8.696,5.355,15469.207,10.0,233.07,8.51,6.434,34.635,60.13,2.705,72.58,
OWID_WRL,,World,2020-02-21,76841.0,629.0,1418.8570000000002,2252.0,4.0,104.14299999999999,9.857999999999999,0.081,0.182,0.289,0.001,0.013000000000000001,0.64,,,,,,,,,,,,,,,,,,,7794798729.0,58.045,30.9,8.696,5.355,15469.207,10.0,233.07,8.51,6.434,34.635,60.13,2.705,72.58,
OWID_WRL,,World,2020-02-22,78602.0,1761.0,1364.4289999999999,2459.0,207.0,113.286,10.084,0.226,0.175,0.315,0.027000000000000003,0.015,0.65,,,,,,,,,,,,,,,,,,,7794798729.0,58.045,30.9,8.696,5.355,15469.207,10.0,233.07,8.51,6.434,34.635,60.13,2.705,72.58,
OWID_WRL,,World,2020-02-23,78982.0,380.0,1106.714,2470.0,11.0,100.0,10.133,0.049,0.142,0.317,0.001,0.013000000000000001,0.65,,,,,,,,,,,,,,,,,,,7794798729.0,58.045,30.9,8.696,5.355,15469.207,10.0,233.07,8.51,6.434,34.635,60.13,2.705,72.58,
OWID_WRL,,World,2020-02-24,79546.0,564.0,896.571,2630.0,160.0,108.85700000000001,10.205,0.07200000000000001,0.115,0.337,0.021,0.013999999999999999,0.68,,,,,,,,,,,,,,,,,,,7794798729.0,58.045,30.9,8.696,5.355,15469.207,10.0,233.07,8.51,6.434,34.635,60.13,2.705,72.58,
OWID_WRL,,World,2020-02-25,80399.0,853.0,749.571,2710.0,80.0,100.286,10.314,0.109,0.096,0.348,0.01,0.013000000000000001,0.73,,,,,,,,,,,,,,,,,,,7794798729.0,58.045,30.9,8.696,5.355,15469.207,10.0,233.07,8.51,6.434,34.635,60.13,2.705,72.58,
OWID_WRL,,World,2020-02-26,81376.0,977.0,817.7139999999999,2771.0,61.0,92.571,10.44,0.125,0.105,0.355,0.008,0.012,0.81,,,,,,,,,,,,,,,,,,,7794798729.0,58.045,30.9,8.696,5.355,15469.207,10.0,233.07,8.51,6.434,34.635,60.13,2.705,72.58,
OWID_WRL,,World,2020-02-27,82736.0,1360.0,932.0,2814.0,43.0,80.857,10.614,0.174,0.12,0.361,0.006,0.01,0.9,,,,,,,,,,,,,,,,,,,7794798729.0,58.045,30.9,8.696,5.355,15469.207,10.0,233.07,8.51,6.434,34.635,60.13,2.705,72.58,
OWID_WRL,,World,2020-02-28,84123.0,1387.0,1040.286,2873.0,59.0,88.714,10.792,0.17800000000000002,0.133,0.369,0.008,0.011000000000000001,1.0,,,,,,,,,,,,,,,,,,,7794798729.0,58.045,30.9,8.696,5.355,15469.207,10.0,233.07,8.51,6.434,34.635,60.13,2.705,72.58,
OWID_WRL,,World,2020-02-29,86013.0,1890.0,1058.714,2942.0,69.0,69.0,11.035,0.242,0.136,0.377,0.009000000000000001,0.009000000000000001,1.11,,,,,,,,,,,,,,,,,,,7794798729.0,58.045,30.9,8.696,5.355,15469.207,10.0,233.07,8.51,6.434,34.635,60.13,2.705,72.58,
OWID_WRL,,World,2020-03-01,88394.0,2381.0,1344.5710000000001,2996.0,54.0,75.143,11.34,0.305,0.172,0.384,0.006999999999999999,0.01,1.2,,,,,,,,,,,,,,,,,,,7794798729.0,58.045,30.9,8.696,5.355,15469.207,10.0,233.07,8.51,6.434,34.635,60.13,2.705,72.58,
OWID_WRL,,World,2020-03-02,90377.0,1983.0,1547.286,3085.0,89.0,65.0,11.595,0.254,0.19899999999999998,0.396,0.011000000000000001,0.008,1.27,,,,,,,,,,,,,,,,,,,7794798729.0,58.045,30.9,8.696,5.355,15469.207,10.0,233.07,8.51,6.434,34.635,60.13,2.705,72.58,
OWID_WRL,,World,2020-03-03,92963.0,2586.0,1794.8570000000002,3160.0,75.0,64.286,11.925999999999998,0.332,0.23,0.405,0.01,0.008,1.34,,,,,,,,,,,,,,,,,,,7794798729.0,58.045,30.9,8.696,5.355,15469.207,10.0,233.07,8.51,6.434,34.635,60.13,2.705,72.58,
OWID_WRL,,World,2020-03-04,95279.0,2316.0,1986.1429999999998,3255.0,95.0,69.143,12.222999999999999,0.297,0.255,0.418,0.012,0.009000000000000001,1.41,,,,,,,,,,,,,,,,,,,7794798729.0,58.045,30.9,8.696,5.355,15469.207,10.0,233.07,8.51,6.434,34.635,60.13,2.705,72.58,
OWID_WRL,,World,2020-03-05,98044.0,2765.0,2186.857,3348.0,93.0,76.286,12.578,0.355,0.281,0.43,0.012,0.01,1.49,,,,,,,,,,,,,,,,,,,7794798729.0,58.045,30.9,8.696,5.355,15469.207,10.0,233.07,8.51,6.434,34.635,60.13,2.705,72.58,
OWID_WRL,,World,2020-03-06,102043.0,3999.0,2560.0,3460.0,112.0,83.85700000000001,13.091,0.513,0.32799999999999996,0.444,0.013999999999999999,0.011000000000000001,1.58,,,,,,,,,,,,,,,,,,,7794798729.0,58.045,30.9,8.696,5.355,15469.207,10.0,233.07,8.51,6.434,34.635,60.13,2.705,72.58,
OWID_WRL,,World,2020-03-07,106109.0,4066.0,2870.857,3559.0,99.0,88.14299999999999,13.613,0.522,0.368,0.457,0.013000000000000001,0.011000000000000001,1.64,,,,,,,,,,,,,,,,,,,7794798729.0,58.045,30.9,8.696,5.355,15469.207,10.0,233.07,8.51,6.434,34.635,60.13,2.705,72.58,
OWID_WRL,,World,2020-03-08,110058.0,3949.0,3094.857,3803.0,244.0,115.286,14.119000000000002,0.507,0.397,0.488,0.031,0.015,1.68,,,,,,,,,,,,,,,,,,,7794798729.0,58.045,30.9,8.696,5.355,15469.207,10.0,233.07,8.51,6.434,34.635,60.13,2.705,72.58,
OWID_WRL,,World,2020-03-09,114027.0,3969.0,3378.571,3987.0,184.0,128.857,14.629000000000001,0.509,0.433,0.511,0.024,0.017,1.75,,,,,,,,,,,,,,,,,,,7794798729.0,58.045,30.9,8.696,5.355,15469.207,10.0,233.07,8.51,6.434,34.635,60.13,2.705,72.58,
OWID_WRL,,World,2020-03-10,119052.0,5025.0,3727.0,4267.0,280.0,158.143,15.273,0.645,0.478,0.547,0.036000000000000004,0.02,1.83,,,,,,,,,,,,,,,,,,,7794798729.0,58.045,30.9,8.696,5.355,15469.207,10.0,233.07,8.51,6.434,34.635,60.13,2.705,72.58,
OWID_WRL,,World,2020-03-11,126702.0,7650.0,4489.0,4611.0,344.0,193.71400000000003,16.255,0.981,0.5760000000000001,0.5920000000000001,0.044000000000000004,0.025,1.92,,,,,,,,,,,,,,,,,,,7794798729.0,58.045,30.9,8.696,5.355,15469.207,10.0,233.07,8.51,6.434,34.635,60.13,2.705,72.58,
OWID_WRL,,World,2020-03-12,132492.0,5790.0,4921.143,4917.0,306.0,224.143,16.997,0.743,0.631,0.631,0.039,0.028999999999999998,1.98,,,,,,,,,,,,,,,,,,,7794798729.0,58.045,30.9,8.696,5.355,15469.207,10.0,233.07,8.51,6.434,34.635,60.13,2.705,72.58,
OWID_WRL,,World,2020-03-13,146879.0,14387.0,6405.143,5414.0,497.0,279.143,18.843,1.8459999999999999,0.8220000000000001,0.695,0.064,0.036000000000000004,2.07,,,,,,,,,,,,,,,,,,,7794798729.0,58.045,30.9,8.696,5.355,15469.207,10.0,233.07,8.51,6.434,34.635,60.13,2.705,72.58,
OWID_WRL,,World,2020-03-14,157952.0,11073.0,7406.143,5834.0,420.0,325.0,20.264,1.421,0.95,0.748,0.054000000000000006,0.042,2.06,,,,,,,,,,,,,,,,,,,7794798729.0,58.045,30.9,8.696,5.355,15469.207,10.0,233.07,8.51,6.434,34.635,60.13,2.705,72.58,
OWID_WRL,,World,2020-03-15,169222.0,11270.0,8452.0,6475.0,641.0,381.714,21.71,1.446,1.084,0.831,0.08199999999999999,0.049,2.05,,,,,,,,,,,,,,,,,,,7794798729.0,58.045,30.9,8.696,5.355,15469.207,10.0,233.07,8.51,6.434,34.635,60.13,2.705,72.58,
OWID_WRL,,World,2020-03-16,184032.0,14810.0,10000.714,7153.0,678.0,452.286,23.61,1.9,1.2830000000000001,0.9179999999999999,0.087,0.057999999999999996,2.05,,,,,,,,,,,,,,,,,,,7794798729.0,58.045,30.9,8.696,5.355,15469.207,10.0,233.07,8.51,6.434,34.635,60.13,2.705,72.58,
OWID_WRL,,World,2020-03-17,199976.0,15944.0,11560.571000000002,7965.0,812.0,528.286,25.655,2.045,1.483,1.022,0.10400000000000001,0.068,2.06,,,,,,,,,,,,,,,,,,,7794798729.0,58.045,30.9,8.696,5.355,15469.207,10.0,233.07,8.51,6.434,34.635,60.13,2.705,72.58,
OWID_WRL,,World,2020-03-18,219535.0,19559.0,13261.857,8868.0,903.0,608.143,28.164,2.509,1.7009999999999998,1.138,0.11599999999999999,0.078,2.08,,,,,,,,,,,,,,,,,,,7794798729.0,58.045,30.9,8.696,5.355,15469.207,10.0,233.07,8.51,6.434,34.635,60.13,2.705,72.58,
OWID_WRL,,World,2020-03-19,246584.0,27049.0,16298.857,9980.0,1112.0,723.2860000000001,31.634,3.47,2.0909999999999997,1.28,0.14300000000000002,0.09300000000000001,2.09,,,,,,,,,,,,,,,,,,,7794798729.0,58.045,30.9,8.696,5.355,15469.207,10.0,233.07,8.51,6.434,34.635,60.13,2.705,72.58,
OWID_WRL,,World,2020-03-20,277361.0,30777.0,18640.286,11461.0,1481.0,863.857,35.583,3.948,2.391,1.47,0.19,0.111,2.07,,,,,,,,,,,,,,,,,,,7794798729.0,58.045,30.9,8.696,5.355,15469.207,10.0,233.07,8.51,6.434,34.635,60.13,2.705,72.58,
OWID_WRL,,World,2020-03-21,309363.0,32002.0,21630.142999999996,13183.0,1722.0,1049.857,39.688,4.106,2.775,1.6909999999999998,0.221,0.135,2.03,,,,,,,,,,,,,,,,,,,7794798729.0,58.045,30.9,8.696,5.355,15469.207,10.0,233.07,8.51,6.434,34.635,60.13,2.705,72.58,
OWID_WRL,,World,2020-03-22,343679.0,34316.0,24922.429,14857.0,1674.0,1197.4289999999999,44.091,4.402,3.197,1.906,0.215,0.154,1.99,,,,,,,,,,,,,,,,,,,7794798729.0,58.045,30.9,8.696,5.355,15469.207,10.0,233.07,8.51,6.434,34.635,60.13,2.705,72.58,
OWID_WRL,,World,2020-03-23,387045.0,43366.0,29001.857000000004,16798.0,1941.0,1377.8570000000002,49.653999999999996,5.563,3.721,2.155,0.249,0.177,1.96,,,,,,,,,,,,,,,,,,,7794798729.0,58.045,30.9,8.696,5.355,15469.207,10.0,233.07,8.51,6.434,34.635,60.13,2.705,72.58,
OWID_WRL,,World,2020-03-24,428455.0,41410.0,32639.857000000004,19083.0,2285.0,1588.286,54.967,5.313,4.187,2.448,0.293,0.204,1.91,,,,,,,,,,,,,,,,,,,7794798729.0,58.045,30.9,8.696,5.355,15469.207,10.0,233.07,8.51,6.434,34.635,60.13,2.705,72.58,
OWID_WRL,,World,2020-03-25,479489.0,51034.0,37136.286,21882.0,2799.0,1859.1429999999998,61.513999999999996,6.547000000000001,4.763999999999999,2.807,0.359,0.239,1.88,,,,,,,,,,,,,,,,,,,7794798729.0,58.045,30.9,8.696,5.355,15469.207,10.0,233.07,8.51,6.434,34.635,60.13,2.705,72.58,
OWID_WRL,,World,2020-03-26,542352.0,62863.0,42252.570999999996,24903.0,3021.0,2131.857,69.579,8.065,5.421,3.195,0.38799999999999996,0.273,1.83,,,,,,,,,,,,,,,,,,,7794798729.0,58.045,30.9,8.696,5.355,15469.207,10.0,233.07,8.51,6.434,34.635,60.13,2.705,72.58,
OWID_WRL,,World,2020-03-27,607469.0,65117.0,47158.28599999999,28397.0,3494.0,2419.429,77.933,8.354,6.05,3.6430000000000002,0.44799999999999995,0.31,1.77,,,,,,,,,,,,,,,,,,,7794798729.0,58.045,30.9,8.696,5.355,15469.207,10.0,233.07,8.51,6.434,34.635,60.13,2.705,72.58,
OWID_WRL,,World,2020-03-28,674773.0,67304.0,52201.429000000004,32115.0,3718.0,2704.571,86.56700000000001,8.634,6.697,4.12,0.47700000000000004,0.34700000000000003,1.7,,,,,,,,,,,,,,,,,,,7794798729.0,58.045,30.9,8.696,5.355,15469.207,10.0,233.07,8.51,6.434,34.635,60.13,2.705,72.58,
OWID_WRL,,World,2020-03-29,734025.0,59252.0,55763.71400000001,35591.0,3476.0,2962.0,94.169,7.601,7.154,4.566,0.446,0.38,1.63,,,,,,,,,,,,,,,,,,,7794798729.0,58.045,30.9,8.696,5.355,15469.207,10.0,233.07,8.51,6.434,34.635,60.13,2.705,72.58,
OWID_WRL,,World,2020-03-30,799411.0,65386.0,58909.429000000004,39644.0,4053.0,3263.7140000000004,102.557,8.388,7.558,5.086,0.52,0.419,1.58,,,,,,,,,,,,,,,,,,,7794798729.0,58.045,30.9,8.696,5.355,15469.207,10.0,233.07,8.51,6.434,34.635,60.13,2.705,72.58,
OWID_WRL,,World,2020-03-31,876288.0,76877.0,63976.143,44395.0,4751.0,3616.0,112.42,9.863,8.208,5.695,0.61,0.46399999999999997,1.53,,,,,,,,,,,,,,,,,,,7794798729.0,58.045,30.9,8.696,5.355,15469.207,10.0,233.07,8.51,6.434,34.635,60.13,2.705,72.58,
OWID_WRL,,World,2020-04-01,952799.0,76511.0,67615.714,49904.0,5509.0,4003.143,122.235,9.816,8.674,6.402,0.7070000000000001,0.514,1.48,,,,,,,,,,,,,,,,,,,7794798729.0,58.045,30.9,8.696,5.355,15469.207,10.0,233.07,8.51,6.434,34.635,60.13,2.705,72.58,
OWID_WRL,,World,2020-04-02,1034089.0,81290.0,70248.143,56139.0,6235.0,4462.286,132.664,10.429,9.012,7.202000000000001,0.8,0.5720000000000001,1.43,,,,,,,,,,,,,,,,,,,7794798729.0,58.045,30.9,8.696,5.355,15469.207,10.0,233.07,8.51,6.434,34.635,60.13,2.705,72.58,
OWID_WRL,,World,2020-04-03,1117368.0,83279.0,72842.714,62252.0,6113.0,4836.429,143.34799999999998,10.684000000000001,9.345,7.986000000000001,0.784,0.62,1.38,,,,,,,,,,,,,,,,,,,7794798729.0,58.045,30.9,8.696,5.355,15469.207,10.0,233.07,8.51,6.434,34.635,60.13,2.705,72.58,
OWID_WRL,,World,2020-04-04,1197751.0,80383.0,74711.143,68419.0,6167.0,5186.286,153.66,10.312000000000001,9.585,8.777999999999999,0.7909999999999999,0.665,1.33,,,,,,,,,,,,,,,,,,,7794798729.0,58.045,30.9,8.696,5.355,15469.207,10.0,233.07,8.51,6.434,34.635,60.13,2.705,72.58,
OWID_WRL,,World,2020-04-05,1269728.0,71977.0,76529.0,73595.0,5176.0,5429.143,162.894,9.234,9.818,9.442,0.664,0.6970000000000001,1.29,,,,,,,,,,,,,,,,,,,7794798729.0,58.045,30.9,8.696,5.355,15469.207,10.0,233.07,8.51,6.434,34.635,60.13,2.705,72.58,
OWID_WRL,,World,2020-04-06,1342938.0,73210.0,77646.714,79542.0,5947.0,5699.714,172.28599999999997,9.392000000000001,9.961,10.204,0.763,0.731,1.25,,,,,,,,,,,,,,,,,,,7794798729.0,58.045,30.9,8.696,5.355,15469.207,10.0,233.07,8.51,6.434,34.635,60.13,2.705,72.58,
OWID_WRL,,World,2020-04-07,1420723.0,77785.0,77776.429,87772.0,8230.0,6196.714,182.266,9.979,9.978,11.26,1.056,0.795,1.23,,,,,,,,,,,,,,,,,,,7794798729.0,58.045,30.9,8.696,5.355,15469.207,10.0,233.07,8.51,6.434,34.635,60.13,2.705,72.58,
OWID_WRL,,World,2020-04-08,1505115.0,84392.0,78902.286,94531.0,6759.0,6375.286,193.092,10.827,10.122,12.127,0.867,0.818,1.21,,,,,,,,,,,,,,,,,,,7794798729.0,58.045,30.9,8.696,5.355,15469.207,10.0,233.07,8.51,6.434,34.635,60.13,2.705,72.58,
OWID_WRL,,World,2020-04-09,1591308.0,86193.0,79602.714,102291.0,7760.0,6593.143,204.15,11.058,10.212,13.123,0.996,0.846,1.19,,,,,,,,,,,,,,,,,,,7794798729.0,58.045,30.9,8.696,5.355,15469.207,10.0,233.07,8.51,6.434,34.635,60.13,2.705,72.58,
OWID_WRL,,World,2020-04-10,1678725.0,87417.0,80193.857,109692.0,7401.0,6777.143,215.365,11.215,10.288,14.072000000000001,0.9490000000000001,0.8690000000000001,1.17,,,,,,,,,,,,,,,,,,,7794798729.0,58.045,30.9,8.696,5.355,15469.207,10.0,233.07,8.51,6.434,34.635,60.13,2.705,72.58,
OWID_WRL,,World,2020-04-11,1754891.0,76166.0,79591.429,115920.0,6228.0,6785.857,225.136,9.771,10.211,14.870999999999999,0.799,0.871,1.14,,,,,,,,,,,,,,,,,,,7794798729.0,58.045,30.9,8.696,5.355,15469.207,10.0,233.07,8.51,6.434,34.635,60.13,2.705,72.58,
OWID_WRL,,World,2020-04-12,1850360.0,95469.0,82947.429,121743.0,5823.0,6878.286,237.38400000000001,12.248,10.640999999999998,15.618,0.747,0.882,1.12,,,,,,,,,,,,,,,,,,,7794798729.0,58.045,30.9,8.696,5.355,15469.207,10.0,233.07,8.51,6.434,34.635,60.13,2.705,72.58,
OWID_WRL,,World,2020-04-13,1920520.0,70160.0,82511.714,127653.0,5910.0,6873.0,246.385,9.001,10.585,16.377,0.758,0.882,1.09,,,,,,,,,,,,,,,,,,,7794798729.0,58.045,30.9,8.696,5.355,15469.207,10.0,233.07,8.51,6.434,34.635,60.13,2.705,72.58,
OWID_WRL,,World,2020-04-14,1991778.0,71258.0,81579.286,134625.0,6972.0,6693.286,255.52700000000002,9.142000000000001,10.466,17.271,0.894,0.8590000000000001,1.08,,,,,,,,,,,,,,,,,,,7794798729.0,58.045,30.9,8.696,5.355,15469.207,10.0,233.07,8.51,6.434,34.635,60.13,2.705,72.58,
OWID_WRL,,World,2020-04-15,2073664.0,81886.0,81221.286,142985.0,8360.0,6922.0,266.032,10.505,10.42,18.344,1.073,0.888,1.08,,,,,,,,,,,,,,,,,,,7794798729.0,58.045,30.9,8.696,5.355,15469.207,10.0,233.07,8.51,6.434,34.635,60.13,2.705,72.58,
OWID_WRL,,World,2020-04-16,2170502.0,96838.0,82742.0,150270.0,7285.0,6854.143,278.455,12.423,10.615,19.278,0.935,0.879,1.08,,,,,,,,,,,,,,,,,,,7794798729.0,58.045,30.9,8.696,5.355,15469.207,10.0,233.07,8.51,6.434,34.635,60.13,2.705,72.58,
OWID_WRL,,World,2020-04-17,2258252.0,87750.0,82789.571,158635.0,8365.0,6991.857,289.71299999999997,11.258,10.620999999999999,20.351,1.073,0.897,1.06,,,,,,,,,,,,,,,,,,,7794798729.0,58.045,30.9,8.696,5.355,15469.207,10.0,233.07,8.51,6.434,34.635,60.13,2.705,72.58,
OWID_WRL,,World,2020-04-18,2331730.0,73478.0,82405.571,164653.0,6018.0,6961.857,299.139,9.427,10.572000000000001,21.123,0.772,0.893,1.04,,,,,,,,,,,,,,,,,,,7794798729.0,58.045,30.9,8.696,5.355,15469.207,10.0,233.07,8.51,6.434,34.635,60.13,2.705,72.58,
OWID_WRL,,World,2020-04-19,2411760.0,80030.0,80200.0,169918.0,5265.0,6882.143,309.406,10.267000000000001,10.289000000000001,21.799,0.675,0.883,1.03,,,,,,,,,,,,,,,,,,,7794798729.0,58.045,30.9,8.696,5.355,15469.207,10.0,233.07,8.51,6.434,34.635,60.13,2.705,72.58,
OWID_WRL,,World,2020-04-20,2486338.0,74578.0,80831.143,175782.0,5864.0,6875.571,318.974,9.568,10.37,22.551,0.752,0.882,1.02,,,,,,,,,,,,,,,,,,,7794798729.0,58.045,30.9,8.696,5.355,15469.207,10.0,233.07,8.51,6.434,34.635,60.13,2.705,72.58,
OWID_WRL,,World,2020-04-21,2562292.0,75954.0,81502.0,182971.0,7189.0,6906.571,328.718,9.744,10.456,23.473000000000003,0.922,0.8859999999999999,1.02,,,,,,,,,,,,,,,,,,,7794798729.0,58.045,30.9,8.696,5.355,15469.207,10.0,233.07,8.51,6.434,34.635,60.13,2.705,72.58,
OWID_WRL,,World,2020-04-22,2639997.0,77705.0,80904.714,189702.0,6731.0,6673.857,338.68699999999995,9.969,10.379000000000001,24.337,0.8640000000000001,0.856,1.02,,,,,,,,,,,,,,,,,,,7794798729.0,58.045,30.9,8.696,5.355,15469.207,10.0,233.07,8.51,6.434,34.635,60.13,2.705,72.58,
OWID_WRL,,World,2020-04-23,2727920.0,87923.0,79631.143,196539.0,6837.0,6609.857,349.967,11.28,10.216000000000001,25.214000000000002,0.877,0.848,1.02,,,,,,,,,,,,,,,,,,,7794798729.0,58.045,30.9,8.696,5.355,15469.207,10.0,233.07,8.51,6.434,34.635,60.13,2.705,72.58,
OWID_WRL,,World,2020-04-24,2812308.0,84388.0,79150.857,203203.0,6664.0,6366.857,360.793,10.825999999999999,10.154,26.069000000000003,0.855,0.8170000000000001,1.02,,,,,,,,,,,,,,,,,,,7794798729.0,58.045,30.9,8.696,5.355,15469.207,10.0,233.07,8.51,6.434,34.635,60.13,2.705,72.58,
OWID_WRL,,World,2020-04-25,2895700.0,83392.0,80567.143,208838.0,5635.0,6312.143,371.491,10.698,10.335999999999999,26.791999999999998,0.723,0.81,1.01,,,,,,,,,,,,,,,,,,,7794798729.0,58.045,30.9,8.696,5.355,15469.207,10.0,233.07,8.51,6.434,34.635,60.13,2.705,72.58,
OWID_WRL,,World,2020-04-26,2967573.0,71873.0,79401.857,212781.0,3943.0,6123.286,380.712,9.221,10.187000000000001,27.298000000000002,0.506,0.7859999999999999,1.0,,,,,,,,,,,,,,,,,,,7794798729.0,58.045,30.9,8.696,5.355,15469.207,10.0,233.07,8.51,6.434,34.635,60.13,2.705,72.58,
OWID_WRL,,World,2020-04-27,3037307.0,69734.0,78709.857,217455.0,4674.0,5953.286,389.658,8.946,10.097999999999999,27.897,0.6,0.764,0.99,,,,,,,,,,,,,,,,,,,7794798729.0,58.045,30.9,8.696,5.355,15469.207,10.0,233.07,8.51,6.434,34.635,60.13,2.705,72.58,
OWID_WRL,,World,2020-04-28,3112773.0,75466.0,78640.143,223996.0,6541.0,5860.714,399.34,9.682,10.089,28.737,0.8390000000000001,0.752,1.0,,,,,,,,,,,,,,,,,,,7794798729.0,58.045,30.9,8.696,5.355,15469.207,10.0,233.07,8.51,6.434,34.635,60.13,2.705,72.58,
OWID_WRL,,World,2020-04-29,3190203.0,77430.0,78600.857,230730.0,6734.0,5861.143,409.273,9.934,10.084,29.601,0.8640000000000001,0.752,1.01,,,,,,,,,,,,,,,,,,,7794798729.0,58.045,30.9,8.696,5.355,15469.207,10.0,233.07,8.51,6.434,34.635,60.13,2.705,72.58,
OWID_WRL,,World,2020-04-30,3273574.0,83371.0,77950.571,236724.0,5994.0,5740.714,419.969,10.696,10.0,30.369,0.769,0.736,1.02,,,,,,,,,,,,,,,,,,,7794798729.0,58.045,30.9,8.696,5.355,15469.207,10.0,233.07,8.51,6.434,34.635,60.13,2.705,72.58,
OWID_WRL,,World,2020-05-01,3360772.0,87198.0,78352.0,241876.0,5152.0,5524.714,431.156,11.187000000000001,10.052,31.03,0.6609999999999999,0.7090000000000001,1.02,,,,,,,,,,,,,,,,,,,7794798729.0,58.045,30.9,8.696,5.355,15469.207,10.0,233.07,8.51,6.434,34.635,60.13,2.705,72.58,
OWID_WRL,,World,2020-05-02,3440772.0,80000.0,77867.429,247352.0,5476.0,5502.0,441.41900000000004,10.263,9.99,31.733,0.703,0.706,1.02,,,,,,,,,,,,,,,,,,,7794798729.0,58.045,30.9,8.696,5.355,15469.207,10.0,233.07,8.51,6.434,34.635,60.13,2.705,72.58,
OWID_WRL,,World,2020-05-03,3517290.0,76518.0,78531.0,250830.0,3478.0,5435.571,451.236,9.817,10.075,32.179,0.446,0.6970000000000001,1.02,,,,,,,,,,,,,,,,,,,7794798729.0,58.045,30.9,8.696,5.355,15469.207,10.0,233.07,8.51,6.434,34.635,60.13,2.705,72.58,
OWID_WRL,,World,2020-05-04,3594385.0,77095.0,79582.571,254930.0,4100.0,5353.571,461.126,9.891,10.21,32.705,0.526,0.687,1.02,,,,,,,,,,,,,,,,,,,7794798729.0,58.045,30.9,8.696,5.355,15469.207,10.0,233.07,8.51,6.434,34.635,60.13,2.705,72.58,
OWID_WRL,,World,2020-05-05,3674853.0,80468.0,80297.143,260810.0,5880.0,5259.143,471.449,10.323,10.300999999999998,33.459,0.754,0.675,1.03,,,,,,,,,,,,,,,,,,,7794798729.0,58.045,30.9,8.696,5.355,15469.207,10.0,233.07,8.51,6.434,34.635,60.13,2.705,72.58,
OWID_WRL,,World,2020-05-06,3764797.0,89944.0,82084.857,267353.0,6543.0,5231.857,482.98800000000006,11.539000000000001,10.530999999999999,34.299,0.8390000000000001,0.6709999999999999,1.04,,,,,,,,,,,,,,,,,,,7794798729.0,58.045,30.9,8.696,5.355,15469.207,10.0,233.07,8.51,6.434,34.635,60.13,2.705,72.58,
OWID_WRL,,World,2020-05-07,3853808.0,89011.0,82890.571,272650.0,5297.0,5132.286,494.408,11.419,10.634,34.978,0.68,0.6579999999999999,1.04,,,,,,,,,,,,,,,,,,,7794798729.0,58.045,30.9,8.696,5.355,15469.207,10.0,233.07,8.51,6.434,34.635,60.13,2.705,72.58,
OWID_WRL,,World,2020-05-08,3944935.0,91127.0,83451.857,278122.0,5472.0,5178.0,506.098,11.690999999999999,10.706,35.68,0.7020000000000001,0.664,1.04,,,,,,,,,,,,,,,,,,,7794798729.0,58.045,30.9,8.696,5.355,15469.207,10.0,233.07,8.51,6.434,34.635,60.13,2.705,72.58,
OWID_WRL,,World,2020-05-09,4029856.0,84921.0,84154.85699999999,282408.0,4286.0,5008.0,516.993,10.895,10.796,36.23,0.55,0.642,1.04,,,,,,,,,,,,,,,,,,,7794798729.0,58.045,30.9,8.696,5.355,15469.207,10.0,233.07,8.51,6.434,34.635,60.13,2.705,72.58,
OWID_WRL,,World,2020-05-10,4105084.0,75228.0,83970.571,286006.0,3598.0,5025.143,526.644,9.651,10.773,36.692,0.462,0.645,1.03,,,,,,,,,,,,,,,,,,,7794798729.0,58.045,30.9,8.696,5.355,15469.207,10.0,233.07,8.51,6.434,34.635,60.13,2.705,72.58,
OWID_WRL,,World,2020-05-11,4181990.0,76906.0,83943.571,289477.0,3471.0,4935.286,536.51,9.866,10.769,37.137,0.445,0.633,1.03,,,,,,,,,,,,,,,,,,,7794798729.0,58.045,30.9,8.696,5.355,15469.207,10.0,233.07,8.51,6.434,34.635,60.13,2.705,72.58,
OWID_WRL,,World,2020-05-12,4266257.0,84267.0,84486.286,295003.0,5526.0,4884.714,547.321,10.811,10.839,37.846,0.7090000000000001,0.627,1.04,,,,,,,,,,,,,,,,,,,7794798729.0,58.045,30.9,8.696,5.355,15469.207,10.0,233.07,8.51,6.434,34.635,60.13,2.705,72.58,
OWID_WRL,,World,2020-05-13,4351117.0,84860.0,83760.0,300077.0,5074.0,4674.857,558.2080000000001,10.887,10.745999999999999,38.497,0.6509999999999999,0.6,1.05,,,,,,,,,,,,,,,,,,,7794798729.0,58.045,30.9,8.696,5.355,15469.207,10.0,233.07,8.51,6.434,34.635,60.13,2.705,72.58,
OWID_WRL,,World,2020-05-14,4447724.0,96607.0,84845.14300000001,305268.0,5191.0,4659.714,570.602,12.394,10.885,39.163000000000004,0.6659999999999999,0.598,1.07,,,,,,,,,,,,,,,,,,,7794798729.0,58.045,30.9,8.696,5.355,15469.207,10.0,233.07,8.51,6.434,34.635,60.13,2.705,72.58,
OWID_WRL,,World,2020-05-15,4544111.0,96387.0,85596.571,310384.0,5116.0,4608.857,582.967,12.366,10.981,39.819,0.6559999999999999,0.591,1.07,,,,,,,,,,,,,,,,,,,7794798729.0,58.045,30.9,8.696,5.355,15469.207,10.0,233.07,8.51,6.434,34.635,60.13,2.705,72.58,
OWID_WRL,,World,2020-05-16,4638322.0,94211.0,86923.714,314560.0,4176.0,4593.143,595.053,12.085999999999999,11.152000000000001,40.355,0.536,0.589,1.07,,,,,,,,,,,,,,,,,,,7794798729.0,58.045,30.9,8.696,5.355,15469.207,10.0,233.07,8.51,6.434,34.635,60.13,2.705,72.58,
OWID_WRL,,World,2020-05-17,4715953.0,77631.0,87267.0,317844.0,3284.0,4548.286,605.013,9.959,11.196,40.775999999999996,0.42100000000000004,0.584,1.06,,,,,,,,,,,,,,,,,,,7794798729.0,58.045,30.9,8.696,5.355,15469.207,10.0,233.07,8.51,6.434,34.635,60.13,2.705,72.58,
OWID_WRL,,World,2020-05-18,4804660.0,88707.0,88952.85699999999,321542.0,3698.0,4580.714,616.393,11.38,11.412,41.251000000000005,0.474,0.588,1.07,,,,,,,,,,,,,,,,,,,7794798729.0,58.045,30.9,8.696,5.355,15469.207,10.0,233.07,8.51,6.434,34.635,60.13,2.705,72.58,
OWID_WRL,,World,2020-05-19,4901910.0,97250.0,90807.571,326255.0,4713.0,4464.571,628.869,12.475999999999999,11.65,41.855,0.605,0.573,1.08,,,,,,,,,,,,,,,,,,,7794798729.0,58.045,30.9,8.696,5.355,15469.207,10.0,233.07,8.51,6.434,34.635,60.13,2.705,72.58,
OWID_WRL,,World,2020-05-20,5004285.0,102375.0,93309.714,331016.0,4761.0,4419.857,642.003,13.134,11.970999999999998,42.466,0.611,0.5670000000000001,1.09,,,,,,,,,,,,,,,,,,,7794798729.0,58.045,30.9,8.696,5.355,15469.207,10.0,233.07,8.51,6.434,34.635,60.13,2.705,72.58,
OWID_WRL,,World,2020-05-21,5111091.0,106806.0,94766.714,335734.0,4718.0,4352.286,655.705,13.702,12.158,43.071999999999996,0.605,0.5579999999999999,1.1,,,,,,,,,,,,,,,,,,,7794798729.0,58.045,30.9,8.696,5.355,15469.207,10.0,233.07,8.51,6.434,34.635,60.13,2.705,72.58,
OWID_WRL,,World,2020-05-22,5217070.0,105979.0,96137.0,340928.0,5194.0,4363.429,669.301,13.595999999999998,12.333,43.738,0.6659999999999999,0.56,1.09,,,,,,,,,,,,,,,,,,,7794798729.0,58.045,30.9,8.696,5.355,15469.207,10.0,233.07,8.51,6.434,34.635,60.13,2.705,72.58,
OWID_WRL,,World,2020-05-23,5321646.0,104576.0,97617.714,344844.0,3916.0,4326.286,682.7180000000001,13.415999999999999,12.523,44.24,0.502,0.555,1.09,,,,,,,,,,,,,,,,,,,7794798729.0,58.045,30.9,8.696,5.355,15469.207,10.0,233.07,8.51,6.434,34.635,60.13,2.705,72.58,
OWID_WRL,,World,2020-05-24,5416049.0,94403.0,100013.714,347970.0,3126.0,4303.714,694.829,12.110999999999999,12.831,44.641000000000005,0.401,0.552,1.07,,,,,,,,,,,,,,,,,,,7794798729.0,58.045,30.9,8.696,5.355,15469.207,10.0,233.07,8.51,6.434,34.635,60.13,2.705,72.58,
OWID_WRL,,World,2020-05-25,5502479.0,86430.0,99688.429,349175.0,1205.0,3947.571,705.9169999999999,11.088,12.789000000000001,44.79600000000001,0.155,0.506,1.07,,,,,,,,,,,,,,,,,,,7794798729.0,58.045,30.9,8.696,5.355,15469.207,10.0,233.07,8.51,6.434,34.635,60.13,2.705,72.58,
OWID_WRL,,World,2020-05-26,5595745.0,93266.0,99119.286,353293.0,4118.0,3862.571,717.882,11.965,12.716,45.324,0.528,0.496,1.08,,,,,,,,,,,,,,,,,,,7794798729.0,58.045,30.9,8.696,5.355,15469.207,10.0,233.07,8.51,6.434,34.635,60.13,2.705,72.58,
OWID_WRL,,World,2020-05-27,5698752.0,103007.0,99209.571,358427.0,5134.0,3915.857,731.097,13.215,12.728,45.983000000000004,0.659,0.502,1.1,,,,,,,,,,,,,,,,,,,7794798729.0,58.045,30.9,8.696,5.355,15469.207,10.0,233.07,8.51,6.434,34.635,60.13,2.705,72.58,
OWID_WRL,,World,2020-05-28,5818252.0,119500.0,101023.0,363049.0,4622.0,3902.143,746.427,15.331,12.96,46.576,0.593,0.501,1.11,,,,,,,,,,,,,,,,,,,7794798729.0,58.045,30.9,8.696,5.355,15469.207,10.0,233.07,8.51,6.434,34.635,60.13,2.705,72.58,
OWID_WRL,,World,2020-05-29,5939196.0,120944.0,103160.85699999999,367643.0,4594.0,3816.429,761.943,15.515999999999998,13.235,47.165,0.589,0.49,1.12,,,,,,,,,,,,,,,,,,,7794798729.0,58.045,30.9,8.696,5.355,15469.207,10.0,233.07,8.51,6.434,34.635,60.13,2.705,72.58,
OWID_WRL,,World,2020-05-30,6076190.0,136994.0,107792.0,371710.0,4067.0,3838.0,779.5189999999999,17.575,13.829,47.687,0.522,0.49200000000000005,1.12,,,,,,,,,,,,,,,,,,,7794798729.0,58.045,30.9,8.696,5.355,15469.207,10.0,233.07,8.51,6.434,34.635,60.13,2.705,72.58,
OWID_WRL,,World,2020-05-31,6182739.0,106549.0,109527.14300000001,374687.0,2977.0,3816.7140000000004,793.188,13.669,14.050999999999998,48.068999999999996,0.382,0.49,1.1,,,,,,,,,,,,,,,,,,,7794798729.0,58.045,30.9,8.696,5.355,15469.207,10.0,233.07,8.51,6.434,34.635,60.13,2.705,72.58,
OWID_WRL,,World,2020-06-01,6277899.0,95160.0,110774.286,377771.0,3084.0,4085.143,805.3960000000001,12.208,14.210999999999999,48.464,0.396,0.524,1.09,,,,,,,,,,,,,,,,,,,7794798729.0,58.045,30.9,8.696,5.355,15469.207,10.0,233.07,8.51,6.434,34.635,60.13,2.705,72.58,
OWID_WRL,,World,2020-06-02,6399361.0,121462.0,114802.286,382484.0,4713.0,4170.143,820.9780000000001,15.582,14.728,49.068999999999996,0.605,0.535,1.1,,,,,,,,,,,,,,,,,,,7794798729.0,58.045,30.9,8.696,5.355,15469.207,10.0,233.07,8.51,6.434,34.635,60.13,2.705,72.58,
OWID_WRL,,World,2020-06-03,6517569.0,118208.0,116973.85699999999,387920.0,5436.0,4213.286,836.143,15.165,15.007,49.766999999999996,0.6970000000000001,0.541,1.1,,,,,,,,,,,,,,,,,,,7794798729.0,58.045,30.9,8.696,5.355,15469.207,10.0,233.07,8.51,6.434,34.635,60.13,2.705,72.58,
OWID_WRL,,World,2020-06-04,6644525.0,126956.0,118039.0,393037.0,5117.0,4284.0,852.431,16.287,15.142999999999999,50.423,0.6559999999999999,0.55,1.1,,,,,,,,,,,,,,,,,,,7794798729.0,58.045,30.9,8.696,5.355,15469.207,10.0,233.07,8.51,6.434,34.635,60.13,2.705,72.58,
OWID_WRL,,World,2020-06-05,6775668.0,131143.0,119496.0,397596.0,4559.0,4279.0,869.255,16.824,15.33,51.008,0.585,0.5489999999999999,1.1,,,,,,,,,,,,,,,,,,,7794798729.0,58.045,30.9,8.696,5.355,15469.207,10.0,233.07,8.51,6.434,34.635,60.13,2.705,72.58,
OWID_WRL,,World,2020-06-06,6910017.0,134349.0,119118.14300000001,401449.0,3853.0,4248.429,886.4910000000001,17.236,15.282,51.501999999999995,0.494,0.545,1.09,,,,,,,,,,,,,,,,,,,7794798729.0,58.045,30.9,8.696,5.355,15469.207,10.0,233.07,8.51,6.434,34.635,60.13,2.705,72.58,
OWID_WRL,,World,2020-06-07,7021891.0,111874.0,119878.85699999999,404194.0,2745.0,4215.286,900.8430000000001,14.352,15.379000000000001,51.854,0.35200000000000004,0.541,1.08,,,,,,,,,,,,,,,,,,,7794798729.0,58.045,30.9,8.696,5.355,15469.207,10.0,233.07,8.51,6.434,34.635,60.13,2.705,72.58,
OWID_WRL,,World,2020-06-08,7124396.0,102505.0,120928.14300000001,407875.0,3681.0,4300.571,913.9939999999999,13.15,15.514000000000001,52.327,0.47200000000000003,0.552,1.07,,,,,,,,,,,,,,,,,,,7794798729.0,58.045,30.9,8.696,5.355,15469.207,10.0,233.07,8.51,6.434,34.635,60.13,2.705,72.58,
OWID_WRL,,World,2020-06-09,7249171.0,124775.0,121401.429,412709.0,4834.0,4317.857,930.0010000000001,16.007,15.575,52.946999999999996,0.62,0.5539999999999999,1.08,,,,,,,,,,,,,,,,,,,7794798729.0,58.045,30.9,8.696,5.355,15469.207,10.0,233.07,8.51,6.434,34.635,60.13,2.705,72.58,
OWID_WRL,,World,2020-06-10,7383937.0,134766.0,123766.85699999999,417768.0,5059.0,4264.0,947.29,17.289,15.878,53.596000000000004,0.649,0.547,1.09,,,,,,,,,,,,,,,,,,,7794798729.0,58.045,30.9,8.696,5.355,15469.207,10.0,233.07,8.51,6.434,34.635,60.13,2.705,72.58,
OWID_WRL,,World,2020-06-11,7521941.0,138004.0,125345.14300000001,422451.0,4683.0,4202.0,964.995,17.705,16.081,54.196999999999996,0.601,0.539,1.09,,,,,,,,,,,,,,,,,,,7794798729.0,58.045,30.9,8.696,5.355,15469.207,10.0,233.07,8.51,6.434,34.635,60.13,2.705,72.58,
OWID_WRL,,World,2020-06-12,7650546.0,128605.0,124982.571,426669.0,4218.0,4153.286,981.4939999999999,16.499000000000002,16.034000000000002,54.738,0.541,0.5329999999999999,1.09,,,,,,,,,,,,,,,,,,,7794798729.0,58.045,30.9,8.696,5.355,15469.207,10.0,233.07,8.51,6.434,34.635,60.13,2.705,72.58,
OWID_WRL,,World,2020-06-13,7785982.0,135436.0,125137.85699999999,430862.0,4193.0,4201.857,998.8689999999999,17.375,16.054000000000002,55.276,0.5379999999999999,0.539,1.09,,,,,,,,,,,,,,,,,,,7794798729.0,58.045,30.9,8.696,5.355,15469.207,10.0,233.07,8.51,6.434,34.635,60.13,2.705,72.58,
OWID_WRL,,World,2020-06-14,7918439.0,132457.0,128078.286,434280.0,3418.0,4298.0,1015.862,16.993,16.430999999999997,55.714,0.43799999999999994,0.551,1.09,,,,,,,,,,,,,,,,,,,7794798729.0,58.045,30.9,8.696,5.355,15469.207,10.0,233.07,8.51,6.434,34.635,60.13,2.705,72.58,
OWID_WRL,,World,2020-06-15,8037804.0,119365.0,130486.85699999999,437701.0,3421.0,4260.857,1031.175,15.312999999999999,16.74,56.153,0.439,0.547,1.09,,,,,,,,,,,,,,,,,,,7794798729.0,58.045,30.9,8.696,5.355,15469.207,10.0,233.07,8.51,6.434,34.635,60.13,2.705,72.58,
OWID_WRL,,World,2020-06-16,8179644.0,141840.0,132924.714,444422.0,6721.0,4530.429,1049.372,18.197,17.053,57.015,0.862,0.581,1.1,,,,,,,,,,,,,,,,,,,7794798729.0,58.045,30.9,8.696,5.355,15469.207,10.0,233.07,8.51,6.434,34.635,60.13,2.705,72.58,
OWID_WRL,,World,2020-06-17,8322779.0,143135.0,134120.286,449507.0,5085.0,4534.143,1067.735,18.363,17.206,57.668,0.652,0.5820000000000001,1.11,,,,,,,,,,,,,,,,,,,7794798729.0,58.045,30.9,8.696,5.355,15469.207,10.0,233.07,8.51,6.434,34.635,60.13,2.705,72.58,
OWID_WRL,,World,2020-06-18,8462906.0,140127.0,134423.571,454484.0,4977.0,4576.143,1085.712,17.977,17.245,58.306000000000004,0.639,0.5870000000000001,1.12,,,,,,,,,,,,,,,,,,,7794798729.0,58.045,30.9,8.696,5.355,15469.207,10.0,233.07,8.51,6.434,34.635,60.13,2.705,72.58,
OWID_WRL,,World,2020-06-19,8642483.0,179577.0,141705.286,460635.0,6151.0,4852.286,1108.75,23.038,18.179000000000002,59.095,0.789,0.623,1.12,,,,,,,,,,,,,,,,,,,7794798729.0,58.045,30.9,8.696,5.355,15469.207,10.0,233.07,8.51,6.434,34.635,60.13,2.705,72.58,
OWID_WRL,,World,2020-06-20,8799337.0,156854.0,144765.0,464841.0,4206.0,4854.143,1128.873,20.123,18.572,59.635,0.54,0.623,1.12,,,,,,,,,,,,,,,,,,,7794798729.0,58.045,30.9,8.696,5.355,15469.207,10.0,233.07,8.51,6.434,34.635,60.13,2.705,72.58,
OWID_WRL,,World,2020-06-21,8927572.0,128235.0,144161.857,468852.0,4011.0,4938.857,1145.3239999999998,16.451,18.495,60.148999999999994,0.515,0.634,1.11,,,,,,,,,,,,,,,,,,,7794798729.0,58.045,30.9,8.696,5.355,15469.207,10.0,233.07,8.51,6.434,34.635,60.13,2.705,72.58,
OWID_WRL,,World,2020-06-22,9065725.0,138153.0,146845.857,472411.0,3559.0,4958.571,1163.048,17.724,18.839000000000002,60.606,0.457,0.636,1.11,,,,,,,,,,,,,,,,,,,7794798729.0,58.045,30.9,8.696,5.355,15469.207,10.0,233.07,8.51,6.434,34.635,60.13,2.705,72.58,
OWID_WRL,,World,2020-06-23,9231558.0,165833.0,150273.429,477631.0,5220.0,4744.143,1184.323,21.275,19.279,61.276,0.67,0.609,1.13,,,,,,,,,,,,,,,,,,,7794798729.0,58.045,30.9,8.696,5.355,15469.207,10.0,233.07,8.51,6.434,34.635,60.13,2.705,72.58,
OWID_WRL,,World,2020-06-24,9402525.0,170967.0,154249.429,482811.0,5180.0,4757.714,1206.256,21.933000000000003,19.789,61.94,0.665,0.61,1.14,,,,,,,,,,,,,,,,,,,7794798729.0,58.045,30.9,8.696,5.355,15469.207,10.0,233.07,8.51,6.434,34.635,60.13,2.705,72.58,
OWID_WRL,,World,2020-06-25,9580790.0,178265.0,159697.714,487510.0,4699.0,4718.0,1229.126,22.87,20.488000000000003,62.543,0.603,0.605,1.14,,,,,,,,,,,,,,,,,,,7794798729.0,58.045,30.9,8.696,5.355,15469.207,10.0,233.07,8.51,6.434,34.635,60.13,2.705,72.58,
OWID_WRL,,World,2020-06-26,9772323.0,191533.0,161405.714,492213.0,4703.0,4511.143,1253.698,24.572,20.706999999999997,63.146,0.603,0.579,1.14,,,,,,,,,,,,,,,,,,,7794798729.0,58.045,30.9,8.696,5.355,15469.207,10.0,233.07,8.51,6.434,34.635,60.13,2.705,72.58,
OWID_WRL,,World,2020-06-27,9949686.0,177363.0,164335.571,496691.0,4478.0,4550.0,1276.452,22.754,21.083000000000002,63.721000000000004,0.574,0.584,1.13,,,,,,,,,,,,,,,,,,,7794798729.0,58.045,30.9,8.696,5.355,15469.207,10.0,233.07,8.51,6.434,34.635,60.13,2.705,72.58,
OWID_WRL,,World,2020-06-28,10112687.0,163001.0,169302.143,499836.0,3145.0,4426.286,1297.363,20.912,21.72,64.124,0.40299999999999997,0.568,1.12,,,,,,,,,,,,,,,,,,,7794798729.0,58.045,30.9,8.696,5.355,15469.207,10.0,233.07,8.51,6.434,34.635,60.13,2.705,72.58,
OWID_WRL,,World,2020-06-29,10268359.0,155672.0,171804.857,503571.0,3735.0,4451.429,1317.335,19.971,22.041,64.60300000000001,0.479,0.5710000000000001,1.12,,,,,,,,,,,,,,,,,,,7794798729.0,58.045,30.9,8.696,5.355,15469.207,10.0,233.07,8.51,6.434,34.635,60.13,2.705,72.58,
OWID_WRL,,World,2020-06-30,10442416.0,174057.0,172979.71399999998,508510.0,4939.0,4411.286,1339.665,22.33,22.191999999999997,65.237,0.634,0.5660000000000001,1.13,,,,,,,,,,,,,,,,,,,7794798729.0,58.045,30.9,8.696,5.355,15469.207,10.0,233.07,8.51,6.434,34.635,60.13,2.705,72.58,
OWID_WRL,,World,2020-07-01,10659787.0,217371.0,179608.857,513438.0,4928.0,4375.286,1367.5510000000002,27.886999999999997,23.041999999999998,65.869,0.632,0.561,1.14,,,,,,,,,,,,,,,,,,,7794798729.0,58.045,30.9,8.696,5.355,15469.207,10.0,233.07,8.51,6.434,34.635,60.13,2.705,72.58,
OWID_WRL,,World,2020-07-02,10868757.0,208970.0,183995.28600000002,518498.0,5060.0,4426.857,1394.36,26.809,23.605,66.518,0.649,0.568,1.13,,,,,,,,,,,,,,,,,,,7794798729.0,58.045,30.9,8.696,5.355,15469.207,10.0,233.07,8.51,6.434,34.635,60.13,2.705,72.58,
OWID_WRL,,World,2020-07-03,11070703.0,201946.0,185482.857,523434.0,4936.0,4460.143,1420.2679999999998,25.908,23.796,67.152,0.633,0.5720000000000001,1.12,,,,,,,,,,,,,,,,,,,7794798729.0,58.045,30.9,8.696,5.355,15469.207,10.0,233.07,8.51,6.434,34.635,60.13,2.705,72.58,
OWID_WRL,,World,2020-07-04,11264129.0,193426.0,187777.57100000003,527814.0,4380.0,4446.143,1445.0829999999999,24.815,24.09,67.714,0.562,0.57,1.11,,,,,,,,,,,,,,,,,,,7794798729.0,58.045,30.9,8.696,5.355,15469.207,10.0,233.07,8.51,6.434,34.635,60.13,2.705,72.58,
OWID_WRL,,World,2020-07-05,11446765.0,182636.0,190582.57100000003,531296.0,3482.0,4494.286,1468.513,23.43,24.45,68.16,0.447,0.5770000000000001,1.1,,,,,,,,,,,,,,,,,,,7794798729.0,58.045,30.9,8.696,5.355,15469.207,10.0,233.07,8.51,6.434,34.635,60.13,2.705,72.58,
OWID_WRL,,World,2020-07-06,11612269.0,165504.0,191987.143,535131.0,3835.0,4508.571,1489.746,21.233,24.63,68.652,0.49200000000000005,0.578,1.1,,,,,,,,,,,,,,,,,,,7794798729.0,58.045,30.9,8.696,5.355,15469.207,10.0,233.07,8.51,6.434,34.635,60.13,2.705,72.58,
OWID_WRL,,World,2020-07-07,11823759.0,211490.0,197334.71399999998,541146.0,6015.0,4662.286,1516.878,27.131999999999998,25.316,69.42399999999999,0.772,0.598,1.11,,,,,,,,,,,,,,,,,,,7794798729.0,58.045,30.9,8.696,5.355,15469.207,10.0,233.07,8.51,6.434,34.635,60.13,2.705,72.58,
OWID_WRL,,World,2020-07-08,12036715.0,212956.0,196704.0,546415.0,5269.0,4711.0,1544.1979999999999,27.32,25.235,70.1,0.6759999999999999,0.604,1.11,,,,,,,,,,,,,,,,,,,7794798729.0,58.045,30.9,8.696,5.355,15469.207,10.0,233.07,8.51,6.434,34.635,60.13,2.705,72.58,
OWID_WRL,,World,2020-07-09,12264379.0,227664.0,199374.57100000003,551824.0,5409.0,4760.857,1573.405,29.206999999999997,25.578000000000003,70.794,0.6940000000000001,0.611,1.12,,,,,,,,,,,,,,,,,,,7794798729.0,58.045,30.9,8.696,5.355,15469.207,10.0,233.07,8.51,6.434,34.635,60.13,2.705,72.58,
OWID_WRL,,World,2020-07-10,12496804.0,232425.0,203728.71399999998,557115.0,5291.0,4811.571,1603.223,29.818,26.136,71.473,0.679,0.617,1.11,,,,,,,,,,,,,,,,,,,7794798729.0,58.045,30.9,8.696,5.355,15469.207,10.0,233.07,8.51,6.434,34.635,60.13,2.705,72.58,
OWID_WRL,,World,2020-07-11,12713063.0,216259.0,206990.57100000003,561915.0,4800.0,4871.571,1630.967,27.744,26.555,72.08800000000001,0.616,0.625,1.1,,,,,,,,,,,,,,,,,,,7794798729.0,58.045,30.9,8.696,5.355,15469.207,10.0,233.07,8.51,6.434,34.635,60.13,2.705,72.58,
OWID_WRL,,World,2020-07-12,12905924.0,192861.0,208451.28600000002,565915.0,4000.0,4945.571,1655.71,24.741999999999997,26.741999999999997,72.602,0.513,0.634,1.09,,,,,,,,,,,,,,,,,,,7794798729.0,58.045,30.9,8.696,5.355,15469.207,10.0,233.07,8.51,6.434,34.635,60.13,2.705,72.58,
OWID_WRL,,World,2020-07-13,13097460.0,191536.0,212170.143,569762.0,3847.0,4947.286,1680.2820000000002,24.572,27.219,73.095,0.494,0.635,1.09,,,,,,,,,,,,,,,,,,,7794798729.0,58.045,30.9,8.696,5.355,15469.207,10.0,233.07,8.51,6.434,34.635,60.13,2.705,72.58,
OWID_WRL,,World,2020-07-14,13318975.0,221515.0,213602.28600000002,575332.0,5570.0,4883.714,1708.7,28.418000000000003,27.403000000000002,73.81,0.715,0.627,1.09,,,,,,,,,,,,,,,,,,,7794798729.0,58.045,30.9,8.696,5.355,15469.207,10.0,233.07,8.51,6.434,34.635,60.13,2.705,72.58,
OWID_WRL,,World,2020-07-15,13550258.0,231283.0,216220.42899999997,580758.0,5426.0,4906.143,1738.372,29.671,27.739,74.506,0.696,0.629,1.1,,,,,,,,,,,,,,,,,,,7794798729.0,58.045,30.9,8.696,5.355,15469.207,10.0,233.07,8.51,6.434,34.635,60.13,2.705,72.58,
OWID_WRL,,World,2020-07-16,13802734.0,252476.0,219765.0,586531.0,5773.0,4958.143,1770.7620000000002,32.39,28.194000000000003,75.24600000000001,0.741,0.636,1.1,,,,,,,,,,,,,,,,,,,7794798729.0,58.045,30.9,8.696,5.355,15469.207,10.0,233.07,8.51,6.434,34.635,60.13,2.705,72.58,
OWID_WRL,,World,2020-07-17,14044855.0,242121.0,221150.143,593176.0,6645.0,5151.571,1801.8239999999998,31.061999999999998,28.372,76.09899999999999,0.852,0.6609999999999999,1.1,,,,,,,,,,,,,,,,,,,7794798729.0,58.045,30.9,8.696,5.355,15469.207,10.0,233.07,8.51,6.434,34.635,60.13,2.705,72.58,
OWID_WRL,,World,2020-07-18,14280992.0,236137.0,223989.857,598795.0,5619.0,5268.571,1832.118,30.294,28.736,76.82,0.721,0.6759999999999999,1.09,,,,,,,,,,,,,,,,,,,7794798729.0,58.045,30.9,8.696,5.355,15469.207,10.0,233.07,8.51,6.434,34.635,60.13,2.705,72.58,
OWID_WRL,,World,2020-07-19,14494710.0,213718.0,226969.42899999997,602864.0,4069.0,5278.429,1859.536,27.418000000000003,29.118000000000002,77.342,0.522,0.677,1.08,,,,,,,,,,,,,,,,,,,7794798729.0,58.045,30.9,8.696,5.355,15469.207,10.0,233.07,8.51,6.434,34.635,60.13,2.705,72.58,
OWID_WRL,,World,2020-07-20,14701074.0,206364.0,229087.71399999998,607057.0,4193.0,5327.857,1886.011,26.475,29.39,77.88,0.5379999999999999,0.684,1.08,,,,,,,,,,,,,,,,,,,7794798729.0,58.045,30.9,8.696,5.355,15469.207,10.0,233.07,8.51,6.434,34.635,60.13,2.705,72.58,
OWID_WRL,,World,2020-07-21,14934500.0,233426.0,230789.28600000002,613227.0,6170.0,5413.571,1915.957,29.945999999999998,29.608,78.671,0.792,0.695,1.09,,,,,,,,,,,,,,,,,,,7794798729.0,58.045,30.9,8.696,5.355,15469.207,10.0,233.07,8.51,6.434,34.635,60.13,2.705,72.58,
OWID_WRL,,World,2020-07-22,15215944.0,281444.0,237955.143,620141.0,6914.0,5626.143,1952.0639999999999,36.107,30.526999999999997,79.558,0.887,0.722,1.1,,,,,,,,,,,,,,,,,,,7794798729.0,58.045,30.9,8.696,5.355,15469.207,10.0,233.07,8.51,6.434,34.635,60.13,2.705,72.58,
OWID_WRL,,World,2020-07-23,15498570.0,282626.0,242262.28600000002,630046.0,9905.0,6216.429,1988.3220000000001,36.258,31.08,80.829,1.271,0.7979999999999999,1.1,,,,,,,,,,,,,,,,,,,7794798729.0,58.045,30.9,8.696,5.355,15469.207,10.0,233.07,8.51,6.434,34.635,60.13,2.705,72.58,
OWID_WRL,,World,2020-07-24,15779600.0,281030.0,247820.71399999998,636099.0,6053.0,6131.857,2024.376,36.054,31.793000000000003,81.60600000000001,0.777,0.787,1.09,,,,,,,,,,,,,,,,,,,7794798729.0,58.045,30.9,8.696,5.355,15469.207,10.0,233.07,8.51,6.434,34.635,60.13,2.705,72.58,
OWID_WRL,,World,2020-07-25,16034121.0,254521.0,250447.0,641616.0,5517.0,6117.286,2057.028,32.653,32.13,82.31299999999999,0.708,0.785,1.08,,,,,,,,,,,,,,,,,,,7794798729.0,58.045,30.9,8.696,5.355,15469.207,10.0,233.07,8.51,6.434,34.635,60.13,2.705,72.58,
OWID_WRL,,World,2020-07-26,16247118.0,212997.0,250344.0,645302.0,3686.0,6062.571,2084.354,27.326,32.117,82.786,0.473,0.778,1.06,,,,,,,,,,,,,,,,,,,7794798729.0,58.045,30.9,8.696,5.355,15469.207,10.0,233.07,8.51,6.434,34.635,60.13,2.705,72.58,
OWID_WRL,,World,2020-07-27,16472797.0,225679.0,253103.28600000002,650490.0,5188.0,6204.714,2113.306,28.953000000000003,32.471,83.45200000000001,0.6659999999999999,0.7959999999999999,1.05,,,,,,,,,,,,,,,,,,,7794798729.0,58.045,30.9,8.696,5.355,15469.207,10.0,233.07,8.51,6.434,34.635,60.13,2.705,72.58,
OWID_WRL,,World,2020-07-28,16725051.0,252254.0,255793.0,656794.0,6304.0,6223.857,2145.6679999999997,32.361999999999995,32.816,84.26100000000001,0.809,0.7979999999999999,1.06,,,,,,,,,,,,,,,,,,,7794798729.0,58.045,30.9,8.696,5.355,15469.207,10.0,233.07,8.51,6.434,34.635,60.13,2.705,72.58,
OWID_WRL,,World,2020-07-29,17015219.0,290168.0,257039.28600000002,663358.0,6564.0,6173.857,2182.894,37.226,32.976,85.103,0.8420000000000001,0.792,1.07,,,,,,,,,,,,,,,,,,,7794798729.0,58.045,30.9,8.696,5.355,15469.207,10.0,233.07,8.51,6.434,34.635,60.13,2.705,72.58,
OWID_WRL,,World,2020-07-30,17295467.0,280248.0,256699.57100000003,669387.0,6029.0,5620.143,2218.847,35.953,32.931999999999995,85.876,0.773,0.721,1.06,,,,,,,,,,,,,,,,,,,7794798729.0,58.045,30.9,8.696,5.355,15469.207,10.0,233.07,8.51,6.434,34.635,60.13,2.705,72.58,
OWID_WRL,,World,2020-07-31,17586976.0,291509.0,258196.57100000003,675595.0,6208.0,5642.286,2256.245,37.398,33.124,86.67299999999999,0.7959999999999999,0.7240000000000001,1.05,,,,,,,,,,,,,,,,,,,7794798729.0,58.045,30.9,8.696,5.355,15469.207,10.0,233.07,8.51,6.434,34.635,60.13,2.705,72.58,
OWID_WRL,,World,2020-08-01,17836946.0,249970.0,257546.42899999997,681073.0,5478.0,5636.714,2288.314,32.069,33.041,87.375,0.703,0.723,1.03,,,,,,,,,,,,,,,,,,,7794798729.0,58.045,30.9,8.696,5.355,15469.207,10.0,233.07,8.51,6.434,34.635,60.13,2.705,72.58,
OWID_WRL,,World,2020-08-02,18068553.0,231607.0,260205.0,685380.0,4307.0,5725.429,2318.027,29.713,33.382,87.928,0.5529999999999999,0.735,1.02,,,,,,,,,,,,,,,,,,,7794798729.0,58.045,30.9,8.696,5.355,15469.207,10.0,233.07,8.51,6.434,34.635,60.13,2.705,72.58,
OWID_WRL,,World,2020-08-03,18270705.0,202152.0,256844.0,690007.0,4627.0,5645.286,2343.9610000000002,25.934,32.951,88.521,0.594,0.7240000000000001,1.01,,,,,,,,,,,,,,,,,,,7794798729.0,58.045,30.9,8.696,5.355,15469.207,10.0,233.07,8.51,6.434,34.635,60.13,2.705,72.58,
OWID_WRL,,World,2020-08-04,18529528.0,258823.0,257782.42899999997,696637.0,6630.0,5691.857,2377.166,33.205,33.071,89.37200000000001,0.851,0.73,1.02,,,,,,,,,,,,,,,,,,,7794798729.0,58.045,30.9,8.696,5.355,15469.207,10.0,233.07,8.51,6.434,34.635,60.13,2.705,72.58,
OWID_WRL,,World,2020-08-05,18804369.0,274841.0,255592.857,703616.0,6979.0,5751.143,2412.425,35.26,32.79,90.26700000000001,0.895,0.738,1.03,,,,,,,,,,,,,,,,,,,7794798729.0,58.045,30.9,8.696,5.355,15469.207,10.0,233.07,8.51,6.434,34.635,60.13,2.705,72.58,
OWID_WRL,,World,2020-08-06,19090775.0,286406.0,256472.57100000003,710106.0,6490.0,5817.0,2449.1679999999997,36.743,32.903,91.1,0.833,0.746,1.03,,,,,,,,,,,,,,,,,,,7794798729.0,58.045,30.9,8.696,5.355,15469.207,10.0,233.07,8.51,6.434,34.635,60.13,2.705,72.58,
OWID_WRL,,World,2020-08-07,19373623.0,282848.0,255235.28600000002,716409.0,6303.0,5830.571,2485.455,36.287,32.744,91.90899999999999,0.809,0.748,1.03,,,,,,,,,,,,,,,,,,,7794798729.0,58.045,30.9,8.696,5.355,15469.207,10.0,233.07,8.51,6.434,34.635,60.13,2.705,72.58,
OWID_WRL,,World,2020-08-08,19632377.0,258754.0,256490.143,721845.0,5436.0,5824.571,2518.651,33.196,32.905,92.60600000000001,0.6970000000000001,0.747,1.01,,,,,,,,,,,,,,,,,,,7794798729.0,58.045,30.9,8.696,5.355,15469.207,10.0,233.07,8.51,6.434,34.635,60.13,2.705,72.58,
OWID_WRL,,World,2020-08-09,19857674.0,225297.0,255588.71399999998,726411.0,4566.0,5861.571,2547.554,28.904,32.79,93.19200000000001,0.586,0.752,1.0,,,,,,,,,,,,,,,,,,,7794798729.0,58.045,30.9,8.696,5.355,15469.207,10.0,233.07,8.51,6.434,34.635,60.13,2.705,72.58,
OWID_WRL,,World,2020-08-10,20084105.0,226431.0,259057.143,731653.0,5242.0,5949.429,2576.603,29.049,33.235,93.86399999999999,0.672,0.763,1.0,,,,,,,,,,,,,,,,,,,7794798729.0,58.045,30.9,8.696,5.355,15469.207,10.0,233.07,8.51,6.434,34.635,60.13,2.705,72.58,
OWID_WRL,,World,2020-08-11,20339245.0,255140.0,258531.0,737861.0,6208.0,5889.143,2609.335,32.732,33.167,94.661,0.7959999999999999,0.7559999999999999,1.01,,,,,,,,,,,,,,,,,,,7794798729.0,58.045,30.9,8.696,5.355,15469.207,10.0,233.07,8.51,6.434,34.635,60.13,2.705,72.58,
OWID_WRL,,World,2020-08-12,20618786.0,279541.0,259202.42899999997,744483.0,6622.0,5838.143,2645.198,35.863,33.253,95.51,0.85,0.7490000000000001,1.02,,,,,,,,,,,,,,,,,,,7794798729.0,58.045,30.9,8.696,5.355,15469.207,10.0,233.07,8.51,6.434,34.635,60.13,2.705,72.58,
OWID_WRL,,World,2020-08-13,20905739.0,286953.0,259280.57100000003,750694.0,6211.0,5798.286,2682.011,36.813,33.263000000000005,96.307,0.797,0.7440000000000001,1.02,,,,,,,,,,,,,,,,,,,7794798729.0,58.045,30.9,8.696,5.355,15469.207,10.0,233.07,8.51,6.434,34.635,60.13,2.705,72.58,
OWID_WRL,,World,2020-08-14,21211536.0,305797.0,262559.0,760825.0,10131.0,6345.143,2721.242,39.231,33.684,97.60700000000001,1.3,0.8140000000000001,1.01,,,,,,,,,,,,,,,,,,,7794798729.0,58.045,30.9,8.696,5.355,15469.207,10.0,233.07,8.51,6.434,34.635,60.13,2.705,72.58,
OWID_WRL,,World,2020-08-15,21459152.0,247616.0,260967.857,766212.0,5387.0,6338.143,2753.009,31.767,33.48,98.29799999999999,0.691,0.813,1.0,,,,,,,,,,,,,,,,,,,7794798729.0,58.045,30.9,8.696,5.355,15469.207,10.0,233.07,8.51,6.434,34.635,60.13,2.705,72.58,
OWID_WRL,,World,2020-08-16,21672643.0,213491.0,259281.28600000002,770433.0,4221.0,6288.857,2780.3979999999997,27.389,33.263000000000005,98.839,0.542,0.807,0.98,,,,,,,,,,,,,,,,,,,7794798729.0,58.045,30.9,8.696,5.355,15469.207,10.0,233.07,8.51,6.434,34.635,60.13,2.705,72.58,
OWID_WRL,,World,2020-08-17,21883103.0,210460.0,256999.71399999998,774578.0,4145.0,6132.143,2807.3979999999997,27.0,32.971,99.37100000000001,0.532,0.787,0.98,,,,,,,,,,,,,,,,,,,7794798729.0,58.045,30.9,8.696,5.355,15469.207,10.0,233.07,8.51,6.434,34.635,60.13,2.705,72.58,
OWID_WRL,,World,2020-08-18,22139250.0,256147.0,257143.57100000003,781459.0,6881.0,6228.286,2840.259,32.861,32.989000000000004,100.25399999999999,0.883,0.799,0.99,,,,,,,,,,,,,,,,,,,7794798729.0,58.045,30.9,8.696,5.355,15469.207,10.0,233.07,8.51,6.434,34.635,60.13,2.705,72.58,
OWID_WRL,,World,2020-08-19,22415130.0,275880.0,256620.57100000003,788147.0,6688.0,6237.714,2875.652,35.393,32.922,101.11200000000001,0.858,0.8,1.0,,,,,,,,,,,,,,,,,,,7794798729.0,58.045,30.9,8.696,5.355,15469.207,10.0,233.07,8.51,6.434,34.635,60.13,2.705,72.58,
OWID_WRL,,World,2020-08-20,22682946.0,267816.0,253886.71399999998,794189.0,6042.0,6213.571,2910.01,34.358000000000004,32.571,101.887,0.775,0.797,1.0,,,,,,,,,,,,,,,,,,,7794798729.0,58.045,30.9,8.696,5.355,15469.207,10.0,233.07,8.51,6.434,34.635,60.13,2.705,72.58,
OWID_WRL,,World,2020-08-21,22953944.0,270998.0,248915.42899999997,799684.0,5495.0,5551.286,2944.777,34.766999999999996,31.934,102.59200000000001,0.705,0.7120000000000001,1.0,,,,,,,,,,,,,,,,,,,7794798729.0,58.045,30.9,8.696,5.355,15469.207,10.0,233.07,8.51,6.434,34.635,60.13,2.705,72.58,
OWID_WRL,,World,2020-08-22,23218851.0,264907.0,251385.57100000003,805259.0,5575.0,5578.143,2978.762,33.985,32.25,103.307,0.715,0.716,1.0,,,,,,,,,,,,,,,,,,,7794798729.0,58.045,30.9,8.696,5.355,15469.207,10.0,233.07,8.51,6.434,34.635,60.13,2.705,72.58,
OWID_WRL,,World,2020-08-23,23425580.0,206729.0,250419.57100000003,809128.0,3869.0,5527.857,3005.283,26.521,32.126,103.804,0.496,0.7090000000000001,0.99,,,,,,,,,,,,,,,,,,,7794798729.0,58.045,30.9,8.696,5.355,15469.207,10.0,233.07,8.51,6.434,34.635,60.13,2.705,72.58,
OWID_WRL,,World,2020-08-24,23650734.0,225154.0,252518.71399999998,813607.0,4479.0,5575.571,3034.1690000000003,28.885,32.396,104.37799999999999,0.575,0.715,1.0,,,,,,,,,,,,,,,,,,,7794798729.0,58.045,30.9,8.696,5.355,15469.207,10.0,233.07,8.51,6.434,34.635,60.13,2.705,72.58,
OWID_WRL,,World,2020-08-25,23894266.0,243532.0,250716.57100000003,819871.0,6264.0,5487.429,3065.4120000000003,31.243000000000002,32.165,105.182,0.804,0.7040000000000001,1.01,,,,,,,,,,,,,,,,,,,7794798729.0,58.045,30.9,8.696,5.355,15469.207,10.0,233.07,8.51,6.434,34.635,60.13,2.705,72.58,
OWID_WRL,,World,2020-08-26,24183536.0,289270.0,252629.42899999997,826151.0,6280.0,5429.143,3102.522,37.111,32.41,105.98700000000001,0.8059999999999999,0.6970000000000001,1.02,,,,,,,,,,,,,,,,,,,7794798729.0,58.045,30.9,8.696,5.355,15469.207,10.0,233.07,8.51,6.434,34.635,60.13,2.705,72.58,
OWID_WRL,,World,2020-08-27,24462137.0,278601.0,254170.143,832032.0,5881.0,5406.143,3138.264,35.742,32.608000000000004,106.742,0.754,0.6940000000000001,1.03,,,,,,,,,,,,,,,,,,,7794798729.0,58.045,30.9,8.696,5.355,15469.207,10.0,233.07,8.51,6.434,34.635,60.13,2.705,72.58,
OWID_WRL,,World,2020-08-28,24745572.0,283435.0,255946.857,837547.0,5515.0,5409.0,3174.6259999999997,36.361999999999995,32.836,107.449,0.708,0.6940000000000001,1.03,,,,,,,,,,,,,,,,,,,7794798729.0,58.045,30.9,8.696,5.355,15469.207,10.0,233.07,8.51,6.434,34.635,60.13,2.705,72.58,
OWID_WRL,,World,2020-08-29,25006697.0,261125.0,255406.57100000003,842805.0,5258.0,5363.714,3208.1259999999997,33.5,32.766,108.124,0.675,0.688,1.02,,,,,,,,,,,,,,,,,,,7794798729.0,58.045,30.9,8.696,5.355,15469.207,10.0,233.07,8.51,6.434,34.635,60.13,2.705,72.58,
OWID_WRL,,World,2020-08-30,25233590.0,226893.0,258287.143,846841.0,4036.0,5387.571,3237.2340000000004,29.108,33.135999999999996,108.64200000000001,0.518,0.691,1.02,,,,,,,,,,,,,,,,,,,7794798729.0,58.045,30.9,8.696,5.355,15469.207,10.0,233.07,8.51,6.434,34.635,60.13,2.705,72.58,
OWID_WRL,,World,2020-08-31,25496276.0,262686.0,263648.857,851059.0,4218.0,5350.286,3270.934,33.7,33.824,109.18299999999999,0.541,0.6859999999999999,1.02,,,,,,,,,,,,,,,,,,,7794798729.0,58.045,30.9,8.696,5.355,15469.207,10.0,233.07,8.51,6.434,34.635,60.13,2.705,72.58,
OWID_WRL,,World,2020-09-01,25760886.0,264610.0,266660.0,857505.0,6446.0,5376.286,3304.881,33.946999999999996,34.21,110.01,0.8270000000000001,0.69,1.03,,,,,,,,,,,,,,,,,,,7794798729.0,58.045,30.9,8.696,5.355,15469.207,10.0,233.07,8.51,6.434,34.635,60.13,2.705,72.58,
OWID_WRL,,World,2020-09-02,26044328.0,283442.0,265827.429,863580.0,6075.0,5347.0,3341.244,36.363,34.103,110.789,0.779,0.6859999999999999,1.03,,,,,,,,,,,,,,,,,,,7794798729.0,58.045,30.9,8.696,5.355,15469.207,10.0,233.07,8.51,6.434,34.635,60.13,2.705,72.58,
OWID_WRL,,World,2020-09-03,26325367.0,281039.0,266175.714,869292.0,5712.0,5322.857,3377.2990000000004,36.055,34.148,111.522,0.733,0.6829999999999999,1.03,,,,,,,,,,,,,,,,,,,7794798729.0,58.045,30.9,8.696,5.355,15469.207,10.0,233.07,8.51,6.434,34.635,60.13,2.705,72.58,
OWID_WRL,,World,2020-09-04,26639353.0,313986.0,270540.143,875211.0,5919.0,5380.571,3417.5809999999997,40.281,34.708,112.281,0.759,0.69,1.03,,,,,,,,,,,,,,,,,,,7794798729.0,58.045,30.9,8.696,5.355,15469.207,10.0,233.07,8.51,6.434,34.635,60.13,2.705,72.58,
OWID_WRL,,World,2020-09-05,26900802.0,261449.0,270586.429,880139.0,4928.0,5333.429,3451.1220000000003,33.541,34.714,112.914,0.632,0.684,1.01,,,,,,,,,,,,,,,,,,,7794798729.0,58.045,30.9,8.696,5.355,15469.207,10.0,233.07,8.51,6.434,34.635,60.13,2.705,72.58,
OWID_WRL,,World,2020-09-06,27124613.0,223811.0,270146.143,883918.0,3779.0,5296.714,3479.835,28.713,34.657,113.398,0.485,0.68,1.0,,,,,,,,,,,,,,,,,,,7794798729.0,58.045,30.9,8.696,5.355,15469.207,10.0,233.07,8.51,6.434,34.635,60.13,2.705,72.58,
OWID_WRL,,World,2020-09-07,27358093.0,233480.0,265973.857,893251.0,9333.0,6027.429,3509.788,29.953000000000003,34.122,114.596,1.197,0.773,1.01,,,,,,,,,,,,,,,,,,,7794798729.0,58.045,30.9,8.696,5.355,15469.207,10.0,233.07,8.51,6.434,34.635,60.13,2.705,72.58,
OWID_WRL,,World,2020-09-08,27599516.0,241423.0,262661.429,898160.0,4909.0,5807.857,3540.761,30.971999999999998,33.696999999999996,115.226,0.63,0.745,1.02,,,,,,,,,,,,,,,,,,,7794798729.0,58.045,30.9,8.696,5.355,15469.207,10.0,233.07,8.51,6.434,34.635,60.13,2.705,72.58,
OWID_WRL,,World,2020-09-09,27885143.0,285627.0,262973.571,904283.0,6123.0,5814.714,3577.4040000000005,36.643,33.736999999999995,116.01100000000001,0.7859999999999999,0.746,1.03,,,,,,,,,,,,,,,,,,,7794798729.0,58.045,30.9,8.696,5.355,15469.207,10.0,233.07,8.51,6.434,34.635,60.13,2.705,72.58,
OWID_WRL,,World,2020-09-10,28184232.0,299089.0,265552.143,910080.0,5797.0,5826.857,3615.7740000000003,38.37,34.068000000000005,116.755,0.7440000000000001,0.748,1.04,,,,,,,,,,,,,,,,,,,7794798729.0,58.045,30.9,8.696,5.355,15469.207,10.0,233.07,8.51,6.434,34.635,60.13,2.705,72.58,
OWID_WRL,,World,2020-09-11,28505356.0,321124.0,266571.857,915960.0,5880.0,5821.286,3656.9709999999995,41.196999999999996,34.199,117.509,0.754,0.747,1.05,,,,,,,,,,,,,,,,,,,7794798729.0,58.045,30.9,8.696,5.355,15469.207,10.0,233.07,8.51,6.434,34.635,60.13,2.705,72.58,
OWID_WRL,,World,2020-09-12,28781443.0,276087.0,268663.0,920837.0,4877.0,5814.0,3692.3909999999996,35.419000000000004,34.467,118.135,0.626,0.746,1.04,,,,,,,,,,,,,,,,,,,7794798729.0,58.045,30.9,8.696,5.355,15469.207,10.0,233.07,8.51,6.434,34.635,60.13,2.705,72.58,
OWID_WRL,,World,2020-09-13,29017909.0,236466.0,270470.857,924499.0,3662.0,5797.286,3722.7270000000003,30.336,34.699,118.605,0.47,0.7440000000000001,1.03,,,,,,,,,,,,,,,,,,,7794798729.0,58.045,30.9,8.696,5.355,15469.207,10.0,233.07,8.51,6.434,34.635,60.13,2.705,72.58,
OWID_WRL,,World,2020-09-14,29297658.0,279749.0,277080.714,928944.0,4445.0,5099.0,3758.616,35.889,35.547,119.175,0.57,0.654,1.04,,,,,,,,,,,,,,,,,,,7794798729.0,58.045,30.9,8.696,5.355,15469.207,10.0,233.07,8.51,6.434,34.635,60.13,2.705,72.58,
OWID_WRL,,World,2020-09-15,29583230.0,285572.0,283387.714,935465.0,6521.0,5329.286,3795.2529999999997,36.635999999999996,36.356,120.01100000000001,0.8370000000000001,0.684,1.05,,,,,,,,,,,,,,,,,,,7794798729.0,58.045,30.9,8.696,5.355,15469.207,10.0,233.07,8.51,6.434,34.635,60.13,2.705,72.58,
OWID_WRL,,World,2020-09-16,29886975.0,303745.0,285976.0,941269.0,5804.0,5283.714,3834.22,38.968,36.688,120.756,0.745,0.6779999999999999,1.05,,,,,,,,,,,,,,,,,,,7794798729.0,58.045,30.9,8.696,5.355,15469.207,10.0,233.07,8.51,6.434,34.635,60.13,2.705,72.58,
OWID_WRL,,World,2020-09-17,30201795.0,314820.0,288223.286,946745.0,5476.0,5237.857,3874.6090000000004,40.388000000000005,36.976,121.459,0.703,0.672,1.05,,,,,,,,,,,,,,,,,,,7794798729.0,58.045,30.9,8.696,5.355,15469.207,10.0,233.07,8.51,6.434,34.635,60.13,2.705,72.58,
OWID_WRL,,World,2020-09-18,30527095.0,325300.0,288819.857,952433.0,5688.0,5210.429,3916.342,41.733000000000004,37.053000000000004,122.18799999999999,0.73,0.6679999999999999,1.04,,,,,,,,,,,,,,,,,,,7794798729.0,58.045,30.9,8.696,5.355,15469.207,10.0,233.07,8.51,6.434,34.635,60.13,2.705,72.58,
OWID_WRL,,World,2020-09-19,30806206.0,279111.0,289251.857,957664.0,5231.0,5261.0,3952.1490000000003,35.806999999999995,37.108000000000004,122.859,0.6709999999999999,0.675,1.03,,,,,,,,,,,,,,,,,,,7794798729.0,58.045,30.9,8.696,5.355,15469.207,10.0,233.07,8.51,6.434,34.635,60.13,2.705,72.58,
OWID_WRL,,World,2020-09-20,31047802.0,241596.0,289984.714,961370.0,3706.0,5267.286,3983.1440000000002,30.995,37.202,123.335,0.475,0.6759999999999999,1.02,,,,,,,,,,,,,,,,,,,7794798729.0,58.045,30.9,8.696,5.355,15469.207,10.0,233.07,8.51,6.434,34.635,60.13,2.705,72.58,
OWID_WRL,,World,2020-09-21,31347093.0,299291.0,292776.429,965507.0,4137.0,5223.286,4021.54,38.396,37.56,123.866,0.531,0.67,1.03,,,,,,,,,,,,,,,,,,,7794798729.0,58.045,30.9,8.696,5.355,15469.207,10.0,233.07,8.51,6.434,34.635,60.13,2.705,72.58,
OWID_WRL,,World,2020-09-22,31631448.0,284355.0,292602.571,971474.0,5967.0,5144.143,4058.02,36.48,37.538000000000004,124.631,0.7659999999999999,0.66,1.03,,,,,,,,,,,,,,,,,,,7794798729.0,58.045,30.9,8.696,5.355,15469.207,10.0,233.07,8.51,6.434,34.635,60.13,2.705,72.58,
OWID_WRL,,World,2020-09-23,31894840.0,263392.0,286837.857,977086.0,5612.0,5116.714,4091.8109999999997,33.791,36.799,125.351,0.72,0.6559999999999999,1.03,,,,,,,,,,,,,,,,,,,7794798729.0,58.045,30.9,8.696,5.355,15469.207,10.0,233.07,8.51,6.434,34.635,60.13,2.705,72.58,
OWID_WRL,,World,2020-09-24,32258492.0,363652.0,293813.857,983781.0,6695.0,5290.857,4138.464,46.653,37.694,126.21,0.8590000000000001,0.679,1.04,,,,,,,,,,,,,,,,,,,7794798729.0,58.045,30.9,8.696,5.355,15469.207,10.0,233.07,8.51,6.434,34.635,60.13,2.705,72.58,
OWID_WRL,,World,2020-09-25,32589165.0,330673.0,294581.429,989681.0,5900.0,5321.143,4180.8859999999995,42.422,37.792,126.96700000000001,0.757,0.6829999999999999,1.03,,,,,,,,,,,,,,,,,,,7794798729.0,58.045,30.9,8.696,5.355,15469.207,10.0,233.07,8.51,6.434,34.635,60.13,2.705,72.58,
OWID_WRL,,World,2020-09-26,32863083.0,273918.0,293839.571,994968.0,5287.0,5329.143,4216.027,35.141,37.696999999999996,127.645,0.6779999999999999,0.684,1.02,,,,,,,,,,,,,,,,,,,7794798729.0,58.045,30.9,8.696,5.355,15469.207,10.0,233.07,8.51,6.434,34.635,60.13,2.705,72.58,
OWID_WRL,,World,2020-09-27,33103927.0,240844.0,293732.143,998595.0,3627.0,5317.857,4246.925,30.898000000000003,37.683,128.11,0.465,0.682,1.01,,,,,,,,,,,,,,,,,,,7794798729.0,58.045,30.9,8.696,5.355,15469.207,10.0,233.07,8.51,6.434,34.635,60.13,2.705,72.58,
OWID_WRL,,World,2020-09-28,33378945.0,275018.0,290264.571,1002515.0,3920.0,5286.857,4282.207,35.282,37.238,128.613,0.503,0.6779999999999999,1.02,,,,,,,,,,,,,,,,,,,7794798729.0,58.045,30.9,8.696,5.355,15469.207,10.0,233.07,8.51,6.434,34.635,60.13,2.705,72.58,
OWID_WRL,,World,2020-09-29,33664892.0,285947.0,290492.0,1008587.0,6072.0,5301.857,4318.892,36.684,37.266999999999996,129.392,0.779,0.68,1.02,,,,,,,,,,,,,,,,,,,7794798729.0,58.045,30.9,8.696,5.355,15469.207,10.0,233.07,8.51,6.434,34.635,60.13,2.705,72.58,
OWID_WRL,,World,2020-09-30,33992519.0,327627.0,299668.429,1015008.0,6421.0,5417.429,4360.923,42.031000000000006,38.445,130.216,0.8240000000000001,0.695,1.04,,,,,,,,,,,,,,,,,,,7794798729.0,58.045,30.9,8.696,5.355,15469.207,10.0,233.07,8.51,6.434,34.635,60.13,2.705,72.58,
OWID_WRL,,World,2020-10-01,34310425.0,317906.0,293133.286,1023695.0,8687.0,5702.0,4401.708,40.784,37.606,131.33100000000002,1.114,0.732,1.04,,,,,,,,,,,,,,,,,,,7794798729.0,58.045,30.9,8.696,5.355,15469.207,10.0,233.07,8.51,6.434,34.635,60.13,2.705,72.58,
OWID_WRL,,World,2020-10-02,34607721.0,297296.0,288365.143,1028703.0,5008.0,5574.571,4439.848,38.14,36.995,131.97299999999998,0.642,0.715,1.04,,,,,,,,,,,,,,,,,,,7794798729.0,58.045,30.9,8.696,5.355,15469.207,10.0,233.07,8.51,6.434,34.635,60.13,2.705,72.58,
OWID_WRL,,World,2020-10-03,34923533.0,315812.0,294350.0,1034038.0,5335.0,5581.429,4480.3640000000005,40.516,37.762,132.657,0.684,0.716,1.04,,,,,,,,,,,,,,,,,,,7794798729.0,58.045,30.9,8.696,5.355,15469.207,10.0,233.07,8.51,6.434,34.635,60.13,2.705,72.58,
OWID_WRL,,World,2020-10-04,35172808.0,249275.0,295554.429,1037814.0,3776.0,5602.714,4512.343,31.98,37.917,133.142,0.484,0.7190000000000001,1.04,,,,,,,,,,,,,,,,,,,7794798729.0,58.045,30.9,8.696,5.355,15469.207,10.0,233.07,8.51,6.434,34.635,60.13,2.705,72.58,
OWID_WRL,,World,2020-10-05,35502340.0,329532.0,303342.143,1044817.0,7003.0,6043.143,4554.619000000001,42.276,38.916,134.04,0.898,0.775,1.06,,,,,,,,,,,,,,,,,,,7794798729.0,58.045,30.9,8.696,5.355,15469.207,10.0,233.07,8.51,6.434,34.635,60.13,2.705,72.58,
OWID_WRL,,World,2020-10-06,35827693.0,325353.0,308971.571,1050583.0,5766.0,5999.429,4596.359,41.74,39.638000000000005,134.78,0.74,0.77,1.07,,,,,,,,,,,,,,,,,,,7794798729.0,58.045,30.9,8.696,5.355,15469.207,10.0,233.07,8.51,6.434,34.635,60.13,2.705,72.58,
OWID_WRL,,World,2020-10-07,36177200.0,349507.0,312097.286,1056422.0,5839.0,5916.286,4641.197,44.838,40.039,135.529,0.7490000000000001,0.759,1.08,,,,,,,,,,,,,,,,,,,7794798729.0,58.045,30.9,8.696,5.355,15469.207,10.0,233.07,8.51,6.434,34.635,60.13,2.705,72.58,
OWID_WRL,,World,2020-10-08,36538959.0,361759.0,318362.0,1062681.0,6259.0,5569.429,4687.608,46.41,40.843,136.332,0.8029999999999999,0.715,1.08,,,,,,,,,,,,,,,,,,,7794798729.0,58.045,30.9,8.696,5.355,15469.207,10.0,233.07,8.51,6.434,34.635,60.13,2.705,72.58,
OWID_WRL,,World,2020-10-09,36899092.0,360133.0,327338.714,1068790.0,6109.0,5726.714,4733.809,46.202,41.995,137.116,0.784,0.735,1.08,,,,,,,,,,,,,,,,,,,7794798729.0,58.045,30.9,8.696,5.355,15469.207,10.0,233.07,8.51,6.434,34.635,60.13,2.705,72.58,
OWID_WRL,,World,2020-10-10,37228551.0,329459.0,329288.286,1073608.0,4818.0,5652.857,4776.076,42.266999999999996,42.245,137.734,0.618,0.725,1.07,,,,,,,,,,,,,,,,,,,7794798729.0,58.045,30.9,8.696,5.355,15469.207,10.0,233.07,8.51,6.434,34.635,60.13,2.705,72.58,
OWID_WRL,,World,2020-10-11,37499667.0,271116.0,332408.429,1077537.0,3929.0,5674.714,4810.858,34.782,42.645,138.238,0.504,0.728,1.07,,,,,,,,,,,,,,,,,,,7794798729.0,58.045,30.9,8.696,5.355,15469.207,10.0,233.07,8.51,6.434,34.635,60.13,2.705,72.58,
OWID_WRL,,World,2020-10-12,37824416.0,324749.0,331725.143,1081471.0,3934.0,5236.286,4852.52,41.662,42.556999999999995,138.743,0.505,0.672,1.07,,,,,,,,,,,,,,,,,,,7794798729.0,58.045,30.9,8.696,5.355,15469.207,10.0,233.07,8.51,6.434,34.635,60.13,2.705,72.58,
OWID_WRL,,World,2020-10-13,38152984.0,328568.0,332184.429,1086913.0,5442.0,5190.0,4894.6720000000005,42.152,42.61600000000001,139.441,0.698,0.6659999999999999,1.09,,,,,,,,,,,,,,,,,,,7794798729.0,58.045,30.9,8.696,5.355,15469.207,10.0,233.07,8.51,6.434,34.635,60.13,2.705,72.58,
OWID_WRL,,World,2020-10-14,38534142.0,381158.0,336706.0,1092943.0,6030.0,5217.286,4943.571,48.898999999999994,43.196000000000005,140.214,0.774,0.669,1.1,,,,,,,,,,,,,,,,,,,7794798729.0,58.045,30.9,8.696,5.355,15469.207,10.0,233.07,8.51,6.434,34.635,60.13,2.705,72.58,
OWID_WRL,,World,2020-10-15,38941463.0,407321.0,343214.857,1099049.0,6106.0,5195.429,4995.827,52.255,44.031000000000006,140.998,0.7829999999999999,0.667,1.11,,,,,,,,,,,,,,,,,,,7794798729.0,58.045,30.9,8.696,5.355,15469.207,10.0,233.07,8.51,6.434,34.635,60.13,2.705,72.58,
OWID_WRL,,World,2020-10-16,39352246.0,410783.0,350450.571,1105193.0,6144.0,5200.429,5048.526,52.7,44.96,141.786,0.7879999999999999,0.667,1.11,,,,,,,,,,,,,,,,,,,7794798729.0,58.045,30.9,8.696,5.355,15469.207,10.0,233.07,8.51,6.434,34.635,60.13,2.705,72.58,
OWID_WRL,,World,2020-10-17,39693045.0,340799.0,352070.571,1110697.0,5504.0,5298.429,5092.248,43.721000000000004,45.167,142.49200000000002,0.706,0.68,1.1,,,,,,,,,,,,,,,,,,,7794798729.0,58.045,30.9,8.696,5.355,15469.207,10.0,233.07,8.51,6.434,34.635,60.13,2.705,72.58,
OWID_WRL,,World,2020-10-18,39979780.0,286735.0,354301.857,1114104.0,3407.0,5223.857,5129.032999999999,36.785,45.45399999999999,142.929,0.43700000000000006,0.67,1.11,,,,,,,,,,,,,,,,,,,7794798729.0,58.045,30.9,8.696,5.355,15469.207,10.0,233.07,8.51,6.434,34.635,60.13,2.705,72.58,
OWID_WRL,,World,2020-10-19,40427940.0,448160.0,371932.0,1119085.0,4981.0,5373.429,5186.528,57.495,47.715,143.56799999999998,0.639,0.6890000000000001,1.13,,,,,,,,,,,,,,,,,,,7794798729.0,58.045,30.9,8.696,5.355,15469.207,10.0,233.07,8.51,6.434,34.635,60.13,2.705,72.58,
OWID_WRL,,World,2020-10-20,40816517.0,388577.0,380504.714,1125654.0,6569.0,5534.429,5236.379,49.851000000000006,48.815,144.411,0.843,0.71,1.14,,,,,,,,,,,,,,,,,,,7794798729.0,58.045,30.9,8.696,5.355,15469.207,10.0,233.07,8.51,6.434,34.635,60.13,2.705,72.58,
OWID_WRL,,World,2020-10-21,41260768.0,444251.0,389518.0,1132294.0,6640.0,5621.571,5293.371999999999,56.993,49.972,145.263,0.852,0.721,1.15,,,,,,,,,,,,,,,,,,,7794798729.0,58.045,30.9,8.696,5.355,15469.207,10.0,233.07,8.51,6.434,34.635,60.13,2.705,72.58,
OWID_WRL,,World,2020-10-22,41733353.0,472585.0,398841.429,1138181.0,5887.0,5590.286,5354.0,60.628,51.168,146.018,0.755,0.7170000000000001,1.15,,,,,,,,,,,,,,,,,,,7794798729.0,58.045,30.9,8.696,5.355,15469.207,10.0,233.07,8.51,6.434,34.635,60.13,2.705,72.58,
OWID_WRL,,World,2020-10-23,42229019.0,495666.0,410967.571,1145131.0,6950.0,5705.429,5417.589,63.589,52.723,146.91,0.892,0.732,1.15,,,,,,,,,,,,,,,,,,,7794798729.0,58.045,30.9,8.696,5.355,15469.207,10.0,233.07,8.51,6.434,34.635,60.13,2.705,72.58,
OWID_WRL,,World,2020-10-24,42640647.0,411628.0,421086.0,1150810.0,5679.0,5730.429,5470.397,52.808,54.021,147.638,0.7290000000000001,0.735,1.14,,,,,,,,,,,,,,,,,,,7794798729.0,58.045,30.9,8.696,5.355,15469.207,10.0,233.07,8.51,6.434,34.635,60.13,2.705,72.58,
OWID_WRL,,World,2020-10-25,42994229.0,353582.0,430635.571,1154963.0,4153.0,5837.0,5515.759,45.361000000000004,55.247,148.171,0.5329999999999999,0.7490000000000001,1.14,,,,,,,,,,,,,,,,,,,7794798729.0,58.045,30.9,8.696,5.355,15469.207,10.0,233.07,8.51,6.434,34.635,60.13,2.705,72.58,
OWID_WRL,,World,2020-10-26,43531804.0,537575.0,443409.143,1160574.0,5611.0,5927.0,5584.725,68.96600000000001,56.885,148.891,0.72,0.76,1.15,,,,,,,,,,,,,,,,,,,7794798729.0,58.045,30.9,8.696,5.355,15469.207,10.0,233.07,8.51,6.434,34.635,60.13,2.705,72.58,
OWID_WRL,,World,2020-10-27,44001138.0,469334.0,454945.857,1167951.0,7377.0,6042.429,5644.936,60.211000000000006,58.365,149.83700000000002,0.946,0.775,1.15,,,,,,,,,,,,,,,,,,,7794798729.0,58.045,30.9,8.696,5.355,15469.207,10.0,233.07,8.51,6.434,34.635,60.13,2.705,72.58,
OWID_WRL,,World,2020-10-28,44510550.0,509412.0,464254.571,1175074.0,7123.0,6111.429,5710.289000000001,65.35300000000001,59.56,150.751,0.914,0.784,1.15,,,,,,,,,,,,,,,,,,,7794798729.0,58.045,30.9,8.696,5.355,15469.207,10.0,233.07,8.51,6.434,34.635,60.13,2.705,72.58,
OWID_WRL,,World,2020-10-29,45061433.0,550883.0,475440.0,1182134.0,7060.0,6279.0,5780.9619999999995,70.673,60.995,151.657,0.9059999999999999,0.8059999999999999,1.15,,,,,,,,,,,,,,,,,,,7794798729.0,58.045,30.9,8.696,5.355,15469.207,10.0,233.07,8.51,6.434,34.635,60.13,2.705,72.58,
OWID_WRL,,World,2020-10-30,45631609.0,570176.0,486084.286,1189693.0,7559.0,6366.0,5854.11,73.148,62.36,152.627,0.97,0.8170000000000001,1.14,,,,,,,,,,,,,,,,,,,7794798729.0,58.045,30.9,8.696,5.355,15469.207,10.0,233.07,8.51,6.434,34.635,60.13,2.705,72.58,
OWID_WRL,,World,2020-10-31,46107714.0,476105.0,495295.286,1196229.0,6536.0,6488.429,5915.19,61.08,63.542,153.465,0.8390000000000001,0.8320000000000001,1.12,,,,,,,,,,,,,,,,,,,7794798729.0,58.045,30.9,8.696,5.355,15469.207,10.0,233.07,8.51,6.434,34.635,60.13,2.705,72.58,
OWID_WRL,,World,2020-11-01,46541340.0,433626.0,506730.143,1201164.0,4935.0,6600.143,5970.82,55.63,65.009,154.09799999999998,0.633,0.847,1.11,,,,,,,,,,,,,,,,,,,7794798729.0,58.045,30.9,8.696,5.355,15469.207,10.0,233.07,8.51,6.434,34.635,60.13,2.705,72.58,
OWID_WRL,,World,2020-11-02,47049933.0,508593.0,502589.857,1207241.0,6077.0,6666.714,6036.068,65.248,64.47800000000001,154.878,0.78,0.855,1.12,,,,,,,,,,,,,,,,,,,7794798729.0,58.045,30.9,8.696,5.355,15469.207,10.0,233.07,8.51,6.434,34.635,60.13,2.705,72.58,
OWID_WRL,,World,2020-11-03,47564953.0,515020.0,509116.429,1215746.0,8505.0,6827.857,6102.14,66.072,65.315,155.969,1.091,0.8759999999999999,1.12,,,,,,,,,,,,,,,,,,,7794798729.0,58.045,30.9,8.696,5.355,15469.207,10.0,233.07,8.51,6.434,34.635,60.13,2.705,72.58,
OWID_WRL,,World,2020-11-04,48162679.0,597726.0,521732.714,1226782.0,11036.0,7386.857,6178.823,76.683,66.933,157.385,1.416,0.948,1.13,,,,,,,,,,,,,,,,,,,7794798729.0,58.045,30.9,8.696,5.355,15469.207,10.0,233.07,8.51,6.434,34.635,60.13,2.705,72.58,
OWID_WRL,,World,2020-11-05,48756545.0,593866.0,527873.1429999999,1234802.0,8020.0,7524.0,6255.01,76.187,67.721,158.414,1.0290000000000001,0.965,1.12,,,,,,,,,,,,,,,,,,,7794798729.0,58.045,30.9,8.696,5.355,15469.207,10.0,233.07,8.51,6.434,34.635,60.13,2.705,72.58,
OWID_WRL,,World,2020-11-06,49398859.0,642314.0,538178.571,1244413.0,9611.0,7817.143,6337.4130000000005,82.40299999999999,69.043,159.64700000000002,1.2329999999999999,1.003,1.12,,,,,,,,,,,,,,,,,,,7794798729.0,58.045,30.9,8.696,5.355,15469.207,10.0,233.07,8.51,6.434,34.635,60.13,2.705,72.58,
OWID_WRL,,World,2020-11-07,49909717.0,510858.0,543143.286,1251948.0,7535.0,7959.857,6402.951,65.538,69.68,160.613,0.9670000000000001,1.021,1.1,,,,,,,,,,,,,,,,,,,7794798729.0,58.045,30.9,8.696,5.355,15469.207,10.0,233.07,8.51,6.434,34.635,60.13,2.705,72.58,
OWID_WRL,,World,2020-11-08,50475384.0,565667.0,562006.286,1257705.0,5757.0,8077.286,6475.521,72.57,72.1,161.352,0.7390000000000001,1.036,1.09,,,,,,,,,,,,,,,,,,,7794798729.0,58.045,30.9,8.696,5.355,15469.207,10.0,233.07,8.51,6.434,34.635,60.13,2.705,72.58,
OWID_WRL,,World,2020-11-09,50976830.0,501446.0,560985.286,1264823.0,7118.0,8226.0,6539.852,64.331,71.969,162.265,0.9129999999999999,1.055,1.08,,,,,,,,,,,,,,,,,,,7794798729.0,58.045,30.9,8.696,5.355,15469.207,10.0,233.07,8.51,6.434,34.635,60.13,2.705,72.58,
OWID_WRL,,World,2020-11-10,51532970.0,556140.0,566859.571,1274809.0,9986.0,8437.571,6611.2,71.348,72.723,163.546,1.281,1.082,1.08,,,,,,,,,,,,,,,,,,,7794798729.0,58.045,30.9,8.696,5.355,15469.207,10.0,233.07,8.51,6.434,34.635,60.13,2.705,72.58,
OWID_WRL,,World,2020-11-11,52178378.0,645408.0,573671.286,1285206.0,10397.0,8346.286,6693.999,82.8,73.597,164.88,1.334,1.071,1.09,,,,,,,,,,,,,,,,,,,7794798729.0,58.045,30.9,8.696,5.355,15469.207,10.0,233.07,8.51,6.434,34.635,60.13,2.705,72.58,
OWID_WRL,,World,2020-11-12,52825714.0,647336.0,581309.8570000001,1294987.0,9781.0,8597.857,6777.047,83.04700000000001,74.577,166.135,1.255,1.103,1.08,,,,,,,,,,,,,,,,,,,7794798729.0,58.045,30.9,8.696,5.355,15469.207,10.0,233.07,8.51,6.434,34.635,60.13,2.705,72.58,
OWID_WRL,,World,2020-11-13,53474837.0,649123.0,582282.571,1304546.0,9559.0,8590.429,6860.323,83.27600000000001,74.70100000000001,167.361,1.226,1.102,1.07,,,,,,,,,,,,,,,,,,,7794798729.0,58.045,30.9,8.696,5.355,15469.207,10.0,233.07,8.51,6.434,34.635,60.13,2.705,72.58,
OWID_WRL,,World,2020-11-14,54068774.0,593937.0,594151.0,1313539.0,8993.0,8798.714,6936.52,76.197,76.22399999999999,168.515,1.1540000000000001,1.129,1.05,,,,,,,,,,,,,,,,,,,7794798729.0,58.045,30.9,8.696,5.355,15469.207,10.0,233.07,8.51,6.434,34.635,60.13,2.705,72.58,
OWID_WRL,,World,2020-11-15,54542427.0,473653.0,581006.1429999999,1319804.0,6265.0,8871.286,6997.285,60.765,74.538,169.31900000000002,0.804,1.138,1.04,,,,,,,,,,,,,,,,,,,7794798729.0,58.045,30.9,8.696,5.355,15469.207,10.0,233.07,8.51,6.434,34.635,60.13,2.705,72.58,
OWID_WRL,,World,2020-11-16,55071490.0,529063.0,584951.429,1327666.0,7862.0,8977.571,7065.159000000001,67.874,75.044,170.327,1.0090000000000001,1.1520000000000001,1.04,,,,,,,,,,,,,,,,,,,7794798729.0,58.045,30.9,8.696,5.355,15469.207,10.0,233.07,8.51,6.434,34.635,60.13,2.705,72.58,
OWID_WRL,,World,2020-11-17,55679709.0,608219.0,592391.286,1338761.0,11095.0,9136.0,7143.188,78.029,75.998,171.75099999999998,1.423,1.172,1.04,,,,,,,,,,,,,,,,,,,7794798729.0,58.045,30.9,8.696,5.355,15469.207,10.0,233.07,8.51,6.434,34.635,60.13,2.705,72.58,
OWID_WRL,,World,2020-11-18,56303781.0,624072.0,589343.286,1350077.0,11316.0,9267.286,7223.25,80.063,75.607,173.202,1.452,1.189,1.04,,,,,,,,,,,,,,,,,,,7794798729.0,58.045,30.9,8.696,5.355,15469.207,10.0,233.07,8.51,6.434,34.635,60.13,2.705,72.58,
OWID_WRL,,World,2020-11-19,56954548.0,650767.0,589833.429,1361047.0,10970.0,9437.143,7306.736999999999,83.48700000000001,75.67,174.61,1.4069999999999998,1.2109999999999999,1.04,,,,,,,,,,,,,,,,,,,7794798729.0,58.045,30.9,8.696,5.355,15469.207,10.0,233.07,8.51,6.434,34.635,60.13,2.705,72.58,
OWID_WRL,,World,2020-11-20,57620406.0,665858.0,592224.1429999999,1372873.0,11826.0,9761.0,7392.161,85.42299999999999,75.977,176.127,1.517,1.252,1.04,,,,,,,,,,,,,,,,,,,7794798729.0,58.045,30.9,8.696,5.355,15469.207,10.0,233.07,8.51,6.434,34.635,60.13,2.705,72.58,
OWID_WRL,,World,2020-11-21,58206741.0,586335.0,591138.1429999999,1381655.0,8782.0,9730.857,7467.382,75.221,75.83800000000001,177.253,1.127,1.248,1.02,,,,,,,,,,,,,,,,,,,7794798729.0,58.045,30.9,8.696,5.355,15469.207,10.0,233.07,8.51,6.434,34.635,60.13,2.705,72.58,
OWID_WRL,,World,2020-11-22,58691014.0,484273.0,592655.286,1388694.0,7039.0,9841.429,7529.51,62.128,76.032,178.15599999999998,0.903,1.263,1.01,,,,,,,,,,,,,,,,,,,7794798729.0,58.045,30.9,8.696,5.355,15469.207,10.0,233.07,8.51,6.434,34.635,60.13,2.705,72.58,
OWID_WRL,,World,2020-11-23,59212713.0,521699.0,591603.286,1397022.0,8328.0,9908.0,7596.439,66.929,75.89699999999999,179.225,1.068,1.271,1.01,,,,,,,,,,,,,,,,,,,7794798729.0,58.045,30.9,8.696,5.355,15469.207,10.0,233.07,8.51,6.434,34.635,60.13,2.705,72.58,
OWID_WRL,,World,2020-11-24,59801016.0,588303.0,588758.1429999999,1409800.0,12778.0,10148.429,7671.9130000000005,75.47399999999999,75.532,180.864,1.639,1.3019999999999998,1.02,,,,,,,,,,,,,,,,,,,7794798729.0,58.045,30.9,8.696,5.355,15469.207,10.0,233.07,8.51,6.434,34.635,60.13,2.705,72.58,
OWID_WRL,,World,2020-11-25,60434061.0,633045.0,590040.0,1421846.0,12046.0,10252.714,7753.1269999999995,81.214,75.697,182.41,1.545,1.315,1.02,,,,,,,,,,,,,,,,,,,7794798729.0,58.045,30.9,8.696,5.355,15469.207,10.0,233.07,8.51,6.434,34.635,60.13,2.705,72.58,
OWID_WRL,,World,2020-11-26,61015375.0,581314.0,580118.1429999999,1432579.0,10733.0,10218.857,7827.704000000001,74.577,74.42399999999999,183.787,1.3769999999999998,1.311,1.02,,,,,,,,,,,,,,,,,,,7794798729.0,58.045,30.9,8.696,5.355,15469.207,10.0,233.07,8.51,6.434,34.635,60.13,2.705,72.58,
OWID_WRL,,World,2020-11-27,61687693.0,672318.0,581041.0,1443205.0,10626.0,10047.429,7913.956,86.25200000000001,74.542,185.15,1.3630000000000002,1.2890000000000001,1.03,,,,,,,,,,,,,,,,,,,7794798729.0,58.045,30.9,8.696,5.355,15469.207,10.0,233.07,8.51,6.434,34.635,60.13,2.705,72.58,
OWID_WRL,,World,2020-11-28,62286394.0,598701.0,582807.571,1452951.0,9746.0,10185.143,7990.764,76.808,74.76899999999999,186.4,1.25,1.307,1.02,,,,,,,,,,,,,,,,,,,7794798729.0,58.045,30.9,8.696,5.355,15469.207,10.0,233.07,8.51,6.434,34.635,60.13,2.705,72.58,
OWID_WRL,,World,2020-11-29,62773072.0,486678.0,583151.1429999999,1459869.0,6918.0,10167.857,8053.2,62.43600000000001,74.813,187.28799999999998,0.888,1.304,1.01,,,,,,,,,,,,,,,,,,,7794798729.0,58.045,30.9,8.696,5.355,15469.207,10.0,233.07,8.51,6.434,34.635,60.13,2.705,72.58,
OWID_WRL,,World,2020-11-30,63278982.0,505910.0,580895.571,1468569.0,8700.0,10221.0,8118.103,64.904,74.523,188.40400000000002,1.1159999999999999,1.311,1.02,,,,,,,,,,,,,,,,,,,7794798729.0,58.045,30.9,8.696,5.355,15469.207,10.0,233.07,8.51,6.434,34.635,60.13,2.705,72.58,
OWID_WRL,,World,2020-12-01,63883941.0,604959.0,583275.0,1481414.0,12845.0,10230.571,8195.714,77.611,74.829,190.05200000000002,1.6480000000000001,1.3119999999999998,1.04,,,,,,,,,,,,,,,,,,,7794798729.0,58.045,30.9,8.696,5.355,15469.207,10.0,233.07,8.51,6.434,34.635,60.13,2.705,72.58,
OWID_WRL,,World,2020-12-02,64530525.0,646584.0,585209.1429999999,1493840.0,12426.0,10284.857,8278.665,82.95100000000001,75.077,191.646,1.594,1.319,1.06,,,,,,,,,,,,,,,,,,,7794798729.0,58.045,30.9,8.696,5.355,15469.207,10.0,233.07,8.51,6.434,34.635,60.13,2.705,72.58,
OWID_WRL,,World,2020-12-03,65220892.0,690367.0,600788.1429999999,1506345.0,12505.0,10538.0,8367.232,88.568,77.07600000000001,193.25,1.604,1.3519999999999999,1.07,,,,,,,,,,,,,,,,,,,7794798729.0,58.045,30.9,8.696,5.355,15469.207,10.0,233.07,8.51,6.434,34.635,60.13,2.705,72.58,
OWID_WRL,,World,2020-12-04,65899236.0,678344.0,601649.0,1518739.0,12394.0,10790.571000000002,8454.258,87.025,77.186,194.84,1.59,1.3840000000000001,1.07,,,,,,,,,,,,,,,,,,,7794798729.0,58.045,30.9,8.696,5.355,15469.207,10.0,233.07,8.51,6.434,34.635,60.13,2.705,72.58,
OWID_WRL,,World,2020-12-05,66539967.0,640731.0,607653.286,1528922.0,10183.0,10853.0,8536.457,82.2,77.956,196.146,1.306,1.392,,,,,,,,,,,,,,,,,,,,7794798729.0,58.045,30.9,8.696,5.355,15469.207,10.0,233.07,8.51,6.434,34.635,60.13,2.705,72.58,
OWID_WRL,,World,2020-12-06,67073662.0,533695.0,614370.0,1536103.0,7181.0,10890.571000000002,8604.925,68.468,78.818,197.06799999999998,0.9209999999999999,1.3969999999999998,,,,,,,,,,,,,,,,,,,,7794798729.0,58.045,30.9,8.696,5.355,15469.207,10.0,233.07,8.51,6.434,34.635,60.13,2.705,72.58,
OWID_WRL,,World,2020-12-07,67591271.0,517609.0,616041.286,1544582.0,8479.0,10859.0,8671.33,66.404,79.032,198.155,1.088,1.393,,,,,,,,,,,,,,,,,,,,7794798729.0,58.045,30.9,8.696,5.355,15469.207,10.0,233.07,8.51,6.434,34.635,60.13,2.705,72.58,
OWID_WRL,,World,2020-12-08,68225723.0,634452.0,620254.571,1556868.0,12286.0,10779.143,8752.724,81.39399999999999,79.57300000000001,199.732,1.5759999999999998,1.383,,,,,,,,,,,,,,,,,,,,7794798729.0,58.045,30.9,8.696,5.355,15469.207,10.0,233.07,8.51,6.434,34.635,60.13,2.705,72.58,
OWID_WRL,,World,2020-12-09,68894596.0,668873.0,623438.714,1569389.0,12521.0,10792.714,8838.534,85.81,79.98100000000001,201.338,1.6059999999999999,1.385,,,,,,,,,,,,,,,,,,,,7794798729.0,58.045,30.9,8.696,5.355,15469.207,10.0,233.07,8.51,6.434,34.635,60.13,2.705,72.58,
OWID_WRL,,World,2020-12-10,70385355.0,1490759.0,737780.429,1581842.0,12453.0,10785.286,9029.785,191.25,94.65,202.93599999999998,1.598,1.3840000000000001,,,,,,,,,,,,,,,,,,,,7794798729.0,58.045,30.9,8.696,5.355,15469.207,10.0,233.07,8.51,6.434,34.635,60.13,2.705,72.58,
OWID_WRL,,World,2020-12-11,71081574.0,696219.0,740334.0,1594754.0,12912.0,10859.286,9119.103000000001,89.318,94.978,204.592,1.656,1.393,,,,,,,,,,,,,,,,,,,,7794798729.0,58.045,30.9,8.696,5.355,15469.207,10.0,233.07,8.51,6.434,34.635,60.13,2.705,72.58,
OWID_WRL,,World,2020-12-12,71704885.0,623311.0,737845.429,1604978.0,10224.0,10865.143,9199.068000000001,79.965,94.65899999999999,205.90400000000002,1.3119999999999998,1.3940000000000001,,,,,,,,,,,,,,,,,,,,7794798729.0,58.045,30.9,8.696,5.355,15469.207,10.0,233.07,8.51,6.434,34.635,60.13,2.705,72.58,
OWID_WRL,,World,2020-12-13,72252541.0,547656.0,739839.8570000001,1612362.0,7384.0,10894.143,9269.327,70.259,94.915,206.851,0.9470000000000001,1.3980000000000001,,,,,,,,,,,,,,,,,,,,7794798729.0,58.045,30.9,8.696,5.355,15469.207,10.0,233.07,8.51,6.434,34.635,60.13,2.705,72.58,
